9338817019399	https://cdn11.bigcommerce.com/s-9wn8an8lno/products/4376/images/7765/Circa-Home-Pear-Lime-Hand-Wash-450ml-1__36184.1625720567.386.513.png?c=1
4001638500227	https://cdn11.bigcommerce.com/s-9wn8an8lno/products/2875/images/4955/Weleda-Blemished-Skin-Refining-Lotion-30ml-1__76677.1616112072.386.513.jpg?c=1
/9356419000515	https://cdn11.bigcommerce.com/s-9wn8an8lno/products/6681/images/12124/Growth-Bomb-Strengthening-Hair-Mask-200ml-1__29163.1639366027.386.513.png?c=1
/9325024007400	https://cdn11.bigcommerce.com/s-9wn8an8lno/products/4288/images/7613/Dateline-Professional-Blue-Celcon-Tail-Comb-510-Stainless-Steel-Pin-1__14846.1625450039.386.513.jpg?c=1
/73930646716	https://cdn11.bigcommerce.com/s-9wn8an8lno/products/11142/images/20991/48487__09991.1678755380.386.513.jpg?c=1
011509003782	https://cdn11.bigcommerce.com/s-9wn8an8lno/products/2182/images/7057/Vagisil_pH_Balanced_011509003782.FRONT__01877.1622006333.386.513.png?c=1
022600200031	https://cdn11.bigcommerce.com/s-9wn8an8lno/products/12872/images/24651/Viviscal_Strengthening_Shampoo_With_Biotin_Keratin_250mL_2__99869.1702345239.386.513.jpg?c=1
9400581048742	https://cdn11.bigcommerce.com/s-9wn8an8lno/products/2290/images/3792/Deluxe-Protein-Bar-Jam-Donut-60g-1__43138.1614131572.386.513.jpg?c=1
/9345983002162	https://cdn11.bigcommerce.com/s-9wn8an8lno/products/10617/images/20067/Capture_0410b4cd-11e7-4f65-8058-9f4f7febea5f__35781.1674611229.386.513.jpg?c=1
052800673106	https://cdn11.bigcommerce.com/s-9wn8an8lno/products/5724/images/10294/Aveeno-Fresh-Greens-Blend-Shampoo-354ml-1__97096.1632281870.386.513.png?c=1
5060074626341	https://cdn11.bigcommerce.com/s-9wn8an8lno/products/7420/images/13591/16182__20785.1644463714.386.513.jpg?c=1
5018389027759	https://cdn11.bigcommerce.com/s-9wn8an8lno/products/13582/images/25416/So_YOU_Summer_Breeze_Body_Mist_150ml_1__02962.1707282260.386.513.jpg?c=1
/9416967920908	https://cdn11.bigcommerce.com/s-9wn8an8lno/products/2132/images/3385/neat-feat-natural-willow-wart-%2526-skin-tag-gel-1__56457.1613431672.386.513.png?c=1
/859355007345	https://cdn11.bigcommerce.com/s-9wn8an8lno/products/13236/images/24094/Tip-to-Toe_2-In-1_Solid_Shampoo_Shaving_Bar_Mini_1__82542.1700718366.386.513.png?c=1
052800673120	https://cdn11.bigcommerce.com/s-9wn8an8lno/products/5726/images/10296/Aveeno-Rose-Water-Chamomile-Blend-Shampoo-354ml-1__48155.1632281870.386.513.png?c=1
/9313501311591	https://cdn11.bigcommerce.com/s-9wn8an8lno/products/8685/images/16403/Blistex-Hemp-Shea-Hydration-4-25g-1__03783.1652662584.386.513.jpg?c=1
/731509754261	https://cdn11.bigcommerce.com/s-9wn8an8lno/products/4312/images/7641/KISS-Tintation-Semi-Permanent-Colour-Treatment-T340-Vivid-Violet-148ml-1__23498.1625450043.386.513.jpg?c=1
/9325024027200	https://cdn11.bigcommerce.com/s-9wn8an8lno/products/3833/images/6803/BeautyPRO-Cuticle-Nipper-1__58268.1621231921.386.513.jpg?c=1
/9351383002503	https://cdn11.bigcommerce.com/s-9wn8an8lno/products/9234/images/17496/Boody-Midi-Briefs-Nude-Small-1__09370.1656981618.386.513.jpg?c=1
/731509753899	https://cdn11.bigcommerce.com/s-9wn8an8lno/products/4308/images/7637/KISS-Tintation-Semi-Permanent-Colour-Treatment-T553-Crimson-148ml-1__75736.1625450043.386.513.jpg?c=1
/9351383000189	https://cdn11.bigcommerce.com/s-9wn8an8lno/products/10856/images/20464/variant_2651109__32142.1676517064.1280.1280__77267.1676517432.386.513.jpg?c=1
4987176013538	https://cdn11.bigcommerce.com/s-9wn8an8lno/products/7263/images/13431/Metamucil-Meta-Align-28-Capsules-1__77675.1643684800.386.513.jpg?c=1
/9338817029978	https://cdn11.bigcommerce.com/s-9wn8an8lno/products/13571/images/25395/GlasshouseFragrancesNightBeforeChristmas2023Candle60gTPN__35174.1707266754.386.513.png?c=1
9329771000097	https://cdn11.bigcommerce.com/s-9wn8an8lno/products/2675/images/4524/Flordis-Premular-1__59246.1615346710.386.513.png?c=1
609580862086	https://cdn11.bigcommerce.com/s-9wn8an8lno/products/7377/images/13524/Thermoskin-Thermal-Knee-Extra-Large__34414.1643852617.386.513.jpg?c=1
9300631818984	https://cdn11.bigcommerce.com/s-9wn8an8lno/products/3908/images/6939/RBHE-9300631818984-1__39239.1621480238.386.513.png?c=1
/9340447026449	https://cdn11.bigcommerce.com/s-9wn8an8lno/products/9174/images/17326/Boody-Full-Leggings-Medium-1__72360.1656981610.386.513.jpg?c=1
/9355599000070	https://cdn11.bigcommerce.com/s-9wn8an8lno/products/7568/images/13803/pore_perf_elix_180ml__62844.1645658120.386.513.jpg?c=1
/4057599003888	https://cdn11.bigcommerce.com/s-9wn8an8lno/product_images/attribute_rule_images/1361_source_1621922961.jpg
9338817011874	https://cdn11.bigcommerce.com/s-9wn8an8lno/products/2961/images/5202/Glasshouse-A-Tahaa-Affair-Soy-Candle-Vanilla-Caramel-3__20698.1627945204.386.513.png?c=1
9356419000454	https://cdn11.bigcommerce.com/s-9wn8an8lno/products/3007/images/21465/Growth_Bomb_Growth_Bomb_Hair_Growth_Spray_1__48469.1681449254.386.513.jpg?c=1
/9355599000049	https://cdn11.bigcommerce.com/s-9wn8an8lno/products/1108/images/1176/Alya-Foaming-Micellar-Cleanser-135ml1__15300.1610075092.386.513.jpg?c=1
/9314889620275	https://cdn11.bigcommerce.com/s-9wn8an8lno/products/3836/images/6825/New-Beginnings-Silicone-Manual-Breast-Pump-1__11516.1621297406.386.513.jpg?c=1
9314549903953	https://cdn11.bigcommerce.com/s-9wn8an8lno/products/2287/images/3787/High-Protein-Bar-Milk-Chocolate-Brownie-90g-1__00477.1614131571.386.513.jpg?c=1
9328727009610	https://cdn11.bigcommerce.com/s-9wn8an8lno/products/10375/images/19667/70__20916.1670292443.386.513.png?c=1
9313923185138	https://cdn11.bigcommerce.com/s-9wn8an8lno/products/3597/images/6248/Herbs-of-Gold-Mind-Ease-1__55585.1619679892.386.513.jpg?c=1
/731788155964	https://cdn11.bigcommerce.com/s-9wn8an8lno/products/9693/images/18331/Pelvi-Leakproof-Cheeky-Bikini-Small-1__77473.1661731662.386.513.jpg?c=1
/9314108931014	https://cdn11.bigcommerce.com/s-9wn8an8lno/products/12494/images/23428/Drug_Alert_Marijuana_5_Test_Kit__80182.1694159051.386.513.jpg?c=1
18787500910	https://cdn11.bigcommerce.com/s-9wn8an8lno/products/1973/images/3093/Dr-Bronners-Unscented-Organic-Magic-Balm-57g-1__33118.1612929296.386.513.jpg?c=1
/9338817011614	https://cdn11.bigcommerce.com/s-9wn8an8lno/products/2959/images/5141/Glasshouse-Rendezvous-Mini-Soy-Candle-Amber-Orchid-60g-1__77190.1616383671.386.513.png?c=1
4103040117250	https://cdn11.bigcommerce.com/s-9wn8an8lno/products/1744/images/2735/Sebamed-Hair-Care-Anti-Dandruff-Shampoo-200ml-1__46441.1612140603.386.513.jpg?c=1
9314839013881	https://cdn11.bigcommerce.com/s-9wn8an8lno/products/1684/images/2633/Ego-QV-Baby-2-In-1-Shampoo-%2526-Conditioner-200g-1__87382.1611883346.386.513.jpg?c=1
/7612367014052	https://cdn11.bigcommerce.com/s-9wn8an8lno/products/1529/images/2195/Medela-Spare-Teats-Medium-Flow-2-teats-1__57427.1610931016.386.513.jpg?c=1
062600061546	https://cdn11.bigcommerce.com/s-9wn8an8lno/products/5384/images/9691/Aveeno-Daily-Moisturising-Body-Wash-354ml-1__11715.1631081968.386.513.jpg?c=1
/9325024111480	https://cdn11.bigcommerce.com/s-9wn8an8lno/products/11999/images/22953/12Reasons_The_Absolute_Volume_Powder_12g__81465.1687849788.386.513.jpg?c=1
/8850006948422	https://cdn11.bigcommerce.com/s-9wn8an8lno/products/13103/images/23774/Palmolive_3_in_1_Kids_Bluey_Shampoo_Conditioner_and_Body_Wash_1_litre__31576.1699231118.386.513.png?c=1
/731275887163	https://cdn11.bigcommerce.com/s-9wn8an8lno/products/7434/images/13617/Good-Riddance-Tropical-Candle-Tin-1__32827.1644793141.386.513.jpg?c=1
/7612367010573	https://cdn11.bigcommerce.com/s-9wn8an8lno/products/1936/images/2996/Medela-Valve-%2526-Membrane-Retail-Blister-1__48117.1612753610.386.513.jpg?c=1
708002401671	https://cdn11.bigcommerce.com/s-9wn8an8lno/products/3284/images/5824/Faith-In-Nature-Grapefruit-Orange-Body-Wash-400ml-1__31070.1618810219.386.513.jpg?c=1
/9325024111558	https://cdn11.bigcommerce.com/s-9wn8an8lno/products/12003/images/22934/12Reasons_The_Absolute_Curl_Cream_300ml__15413.1687849651.386.513.jpg?c=1
7618900964143	https://cdn11.bigcommerce.com/s-9wn8an8lno/products/9025/images/16959/Mavala-Mini-Nail-Color-414-Grass-Green-1__55635.1655169131.386.513.png?c=1
/9355599000056	https://cdn11.bigcommerce.com/s-9wn8an8lno/products/4081/images/7259/download__31911.1623307849.386.513.jpg?c=1
9341824000113	https://cdn11.bigcommerce.com/s-9wn8an8lno/products/1147/images/1231/Lanolips-Tinted-Lanolin-Lip-Balm-SPF30-Rose-125g-1__58561.1610075102.386.513.jpg?c=1
9310379000312	https://cdn11.bigcommerce.com/s-9wn8an8lno/products/11270/images/21366/vagisil-oatmeal-itch-relief-cream-15g__09190.1652055904.1280.1280__09773.1680664610.386.513.jpg?c=1
9325024000982	https://cdn11.bigcommerce.com/s-9wn8an8lno/products/4097/images/7307/704220__95596.1623727207.386.513.jpg?c=1
/8801051024982	https://cdn11.bigcommerce.com/s-9wn8an8lno/products/3229/images/5709/Reach-Ultimate-Care-Medium-Toothbrush-1__36518.1618530295.386.513.jpg?c=1
/4057599006889	https://cdn11.bigcommerce.com/s-9wn8an8lno/products/11553/images/21995/Childrens_ClaratyneDES_Hayfever_Allergy_Relief_Bubblegum_Syrup_for_Kids_60mL_1__57408.1683262123.386.513.png?c=1
//9300631467021-R	https://cdn11.bigcommerce.com/s-9wn8an8lno/product_images/attribute_rule_images/1685_source_1625448179.jpg
/74764632524	https://cdn11.bigcommerce.com/s-9wn8an8lno/products/8186/images/15229/Ardell-ECOLASHES-451-1__26057.1649046833.386.513.jpg?c=1
/9338817030301	https://cdn11.bigcommerce.com/s-9wn8an8lno/products/13573/images/25394/GlasshouseFragrancesGingerbreadHouseChristmas2023Candle60g__56151.1707266582.386.513.png?c=1
93287760	https://cdn11.bigcommerce.com/s-9wn8an8lno/products/13575/images/25401/Agarol_Laxative_Liquid_Vanilla_500mL__78908.1707272990.386.513.png?c=1
/9353965018445	https://cdn11.bigcommerce.com/s-9wn8an8lno/products/13284/images/24371/Bluey_x_b.box_mini_lunchbox_1__78530.1701408321.386.513.jpg?c=1
/9355449000021	https://cdn11.bigcommerce.com/s-9wn8an8lno/products/3240/images/5721/Bunjie-Snug-As-A-Bug-Moisture-Lotion-250ml-1__90493.1618536257.386.513.png?c=1
/4013718021430	https://cdn11.bigcommerce.com/s-9wn8an8lno/products/11339/images/21520/yVJybaboxBv-XHcdEjb5JFNMQ9Gm6jXpwRQia4LPjug__00985.1681794475.386.513.png?c=1
/26169051653	
/7640140190334	https://cdn11.bigcommerce.com/s-9wn8an8lno/products/10741/images/20249/F2D_800__70567.1675744057.386.513.jpg?c=1
/9311262888833	https://cdn11.bigcommerce.com/s-9wn8an8lno/products/9801/images/18499/key_sun_manuka_honey__34087.1663289422.386.513.JPG?c=1
9349268000034	https://cdn11.bigcommerce.com/s-9wn8an8lno/products/2474/images/4226/Medlab-EnBiotic-60-Capsules-1__35356.1614745602.386.513.png?c=1
7613035757066	https://cdn11.bigcommerce.com/s-9wn8an8lno/products/9599/images/18185/3DF_800_2__19687.1660698609.386.513.jpg?c=1
/7612367014038	https://cdn11.bigcommerce.com/s-9wn8an8lno/products/1530/images/2197/Medela-Spare-Teats-Slow-Flow-2-teats-1__84162.1610931016.386.513.jpg?c=1
/731275887156	https://cdn11.bigcommerce.com/s-9wn8an8lno/products/7433/images/13616/Good-Riddance-Tropical-Essential-Oil-12ml-1__89185.1644793141.386.513.jpg?c=1
9341824000069	https://cdn11.bigcommerce.com/s-9wn8an8lno/products/1146/images/1228/Lanolips-Lemonaid-Lanolin-Lip-Treatment-125g-1__05512.1610075102.386.513.jpg?c=1
/9325024111534	https://cdn11.bigcommerce.com/s-9wn8an8lno/products/12001/images/22939/12Reasons_The_Absolute_Finisher_150g__76699.1687849686.386.513.jpg?c=1
//11509003867	
/7350075691515	https://cdn11.bigcommerce.com/s-9wn8an8lno/products/5173/images/9302/The-Humble-Co-Natural-Toothpaste-Charcoal-With-Fluoride-75ml-1__11744.1630021931.386.513.png?c=1
9341824013526	https://cdn11.bigcommerce.com/s-9wn8an8lno/products/9699/images/18342/Lanolips-101-Dry-Skin-Super-Cream-1__37580.1661731663.386.513.jpg?c=1
/7612367073646	https://cdn11.bigcommerce.com/s-9wn8an8lno/products/8774/images/16592/Medela-Harmony-Essentials-Pack-Manual-Breast-Pump-1__87466.1653269519.386.513.jpg?c=1
9353965006732	https://cdn11.bigcommerce.com/s-9wn8an8lno/products/13421/images/25099/Bbox_Tritan_Drink_Bottle_Avengers_600ml_1__30528.1704944606.386.513.png?c=1
/9310263001661	https://cdn11.bigcommerce.com/s-9wn8an8lno/products/4026/images/7135/Alpha-Keri-SH-Body-Cleanser_1024x10242x__78688.1688367437.386.513.jpg?c=1
/20451432830	https://cdn11.bigcommerce.com/s-9wn8an8lno/products/8776/images/16574/Medela-Silicone-Breast-Milk-Collector-1__81754.1653268824.386.513.jpg?c=1
/9340447048809	https://cdn11.bigcommerce.com/s-9wn8an8lno/products/9207/images/17423/Boody-Mens-Boxers-Black-Extra-Large-1__56582.1656981615.386.513.jpg?c=1
9316542145170	https://cdn11.bigcommerce.com/s-9wn8an8lno/products/6997/images/12906/Natio-Restore-Nourishing-Roll-On-Eye-Serum-16ml-1__27328.1641956339.386.513.png?c=1
078462481576	https://cdn11.bigcommerce.com/s-9wn8an8lno/products/13252/images/24135/Salon_Perfect_Sliick_Ingrown_Rescue_Solution_118ml_2__79104.1701058844.386.513.jpg?c=1
381370036654	https://cdn11.bigcommerce.com/s-9wn8an8lno/products/5382/images/9688/Aveeno-Baby-Wash-Shampoo-236ml-1__30640.1631081968.386.513.png?c=1
9323573006615	https://cdn11.bigcommerce.com/s-9wn8an8lno/products/3159/images/5603/Carusos-Total-Sleep-30-Tablets-1__32870.1617946602.386.513.png?c=1
/9416967920045	https://cdn11.bigcommerce.com/s-9wn8an8lno/products/2124/images/3378/neat-feat-natural-pain-relief-foot-cream-50g-1__98657.1613431327.386.513.png?c=1
/9351383000196	https://cdn11.bigcommerce.com/s-9wn8an8lno/products/10857/images/20467/variant_2651109__32142.1676517064.1280.1280__77267.1676517432.1280.1280__42810.1676517593.386.513.jpg?c=1
/731788155988	https://cdn11.bigcommerce.com/s-9wn8an8lno/products/9695/images/18337/Pelvi-Leakproof-Cheeky-Bikini-Large-1__90899.1661731663.386.513.jpg?c=1
/9317039000835	https://cdn11.bigcommerce.com/s-9wn8an8lno/products/10467/images/19797/ADD9_800__76697.1671077065.386.513.jpg?c=1
/9338817030318	https://cdn11.bigcommerce.com/s-9wn8an8lno/products/13572/images/25393/Glasshouse-Fragrances-Night-Before-Christmas-2023-Candle-60g__27692.1707265498.386.513.png?c=1
/735850313146	https://cdn11.bigcommerce.com/s-9wn8an8lno/products/1110/images/1184/alya-skin-pink-perfect-Australian-pink-clay-mask-120g-1__24694.1610075093.386.513.jpg?c=1
/9325024034833	https://cdn11.bigcommerce.com/s-9wn8an8lno/products/4825/images/8813/BeautyPRO-Manicure-Kit-1__38542.1629351211.386.513.png?c=1
4103040923004	https://cdn11.bigcommerce.com/s-9wn8an8lno/products/13577/images/25405/Sebamed_Moisturising_Body_Lotion_400mL_1__47238.1707278083.386.513.jpg?c=1
/731509808735	https://cdn11.bigcommerce.com/s-9wn8an8lno/products/9743/images/18428/kiss_ice__94219.1661752118.386.513.JPG?c=1
/9300607080230	https://cdn11.bigcommerce.com/s-9wn8an8lno/products/9410/images/17837/Sudafed-Nasal-Decongestant-Spray-Value-Pack-2x20ml-1__94431.1658796137.386.513.jpg?c=1
9300711372856	https://cdn11.bigcommerce.com/s-9wn8an8lno/products/12545/images/25399/Strepfen_Anti_Inflammatory_Throat_Spray_Cherry_Mint_Flavour_15mL_1__19128.1707270811.386.513.png?c=1
9351791000115	https://cdn11.bigcommerce.com/s-9wn8an8lno/products/4565/images/8371/Bisolvon-Dry-200ml-1__79525.1626403351.386.513.png?c=1
/735850512617	https://cdn11.bigcommerce.com/s-9wn8an8lno/products/1109/images/1180/Alya-Australian-Native-Berries-Moisturiser-80g-1__99250.1610075092.386.513.jpg?c=1
9400581046762	https://cdn11.bigcommerce.com/s-9wn8an8lno/products/2291/images/3793/Deluxe-Protein-Bar-Peanut-Crunch-60g-1__75691.1614131572.386.513.jpg?c=1
/8801051024975	https://cdn11.bigcommerce.com/s-9wn8an8lno/products/3230/images/5710/Reach-Ultimate-Care-Soft-Toothbrush-1__63893.1618530295.386.513.jpg?c=1
/810020173291	https://cdn11.bigcommerce.com/s-9wn8an8lno/products/10075/images/19039/1__34449.1668039058.386.513.jpg?c=1
074170450996	https://cdn11.bigcommerce.com/s-9wn8an8lno/products/5666/images/10206/Sally-Hansen-Complete-Care-7-In-1-Nail-Treatment-1__65466.1632086854.386.513.jpg?c=1
9310488022854	https://cdn11.bigcommerce.com/s-9wn8an8lno/products/5135/images/9238/Robitussin-Dry-Cough-Forte-Oral-Liquid-200ml-Cherry-Vanilla-1__57445.1629954303.386.513.png?c=1
/731509753929	https://cdn11.bigcommerce.com/s-9wn8an8lno/products/4311/images/7640/KISS-Tintation-Semi-Permanent-Colour-Treatment-T740-Rose-Gold-148ml-1__03431.1625450043.386.513.jpg?c=1
/731509754322	https://cdn11.bigcommerce.com/s-9wn8an8lno/products/4310/images/7639/KISS-Tintation-Semi-Permanent-Colour-Treatment-T440-Pink-Mania-148ml-1__26678.1625450043.386.513.jpg?c=1
/74764758866	https://cdn11.bigcommerce.com/s-9wn8an8lno/products/2553/images/4361/Ardell-Nail-Addict-Premium-Artificial-Nail-Set-Black-Stud-%2526-Pink-Ombre-1__98918.1614822897.386.513.jpg?c=1
/9336830057626	https://cdn11.bigcommerce.com/s-9wn8an8lno/products/13257/images/24259/Designer_Brands_Amongst_the_Flowers_EDP_100mL_1__91260.1701148766.386.513.jpg?c=1
/8850006948552	https://cdn11.bigcommerce.com/s-9wn8an8lno/products/13102/images/23770/Palm_Bluey_3_in_1_Kids_1__69879.1699230559.386.513.png?c=1
5060691440344	https://cdn11.bigcommerce.com/s-9wn8an8lno/products/7424/images/13600/5pc-atkins-low-carb-sugar-50g-endulge-healthy-snacks-chocolate-coated-almonds-5331289_00__17923.1707435892.386.513.jpg?c=1
//9300631537458-R	https://cdn11.bigcommerce.com/s-9wn8an8lno/product_images/attribute_rule_images/1684_source_1625448179.jpeg
3282770204599	https://cdn11.bigcommerce.com/s-9wn8an8lno/products/3315/images/5857/Avene-Hydrance-Hydrating-Sleeping-Mask-50ml-1__25700.1618890933.386.513.jpg?c=1
9400581045260	https://cdn11.bigcommerce.com/s-9wn8an8lno/products/2771/images/4694/Nutra-Life-Magnesium-Complete-Forte-1__50699.1615783334.386.513.png?c=1
/7350075690082	https://cdn11.bigcommerce.com/s-9wn8an8lno/products/9315/images/17657/The_Humble_Co._Kids_Toothbrush___13759.1658191801.386.513.png?c=1
9341824000007	https://cdn11.bigcommerce.com/s-9wn8an8lno/products/1144/images/6039/1._MAIN_LANO_HAND_CREAM_INTENSE_ROSE_0c51f075-6864-492b-a96a-de4ba8368385_540x__59078.1654142058.386.513.png?c=1
/731509808728	https://cdn11.bigcommerce.com/s-9wn8an8lno/products/9741/images/18423/kiss_protect__95614.1661751240.386.513.JPG?c=1
/9349268000683	https://cdn11.bigcommerce.com/s-9wn8an8lno/products/2471/images/4218/Medlab-OmegaClean-Omega-Triple-120-Capsules-1__03063.1614745601.386.513.png?c=1
/9311262005247	https://cdn11.bigcommerce.com/s-9wn8an8lno/products/9796/images/18494/key_sun_cold_throat__24038.1663287454.386.513.JPG?c=1
4001638500029	https://cdn11.bigcommerce.com/s-9wn8an8lno/products/4161/images/7382/weledahippo_productlarge_1__52697.1623983172.386.513.jpg?c=1
/793591238265	https://cdn11.bigcommerce.com/s-9wn8an8lno/products/4750/images/8675/24k-Goddess-Collagen-Booster-Hyaluronic-Acid-Eye-Masks-1-Pair-1__92800.1628117438.386.513.jpg?c=1
9310460110258	https://cdn11.bigcommerce.com/s-9wn8an8lno/products/9078/images/17076/Lady-Jayne-Claw-Grip-11025-White-1__02710.1656289969.386.513.jpg?c=1
9341824000618	https://cdn11.bigcommerce.com/s-9wn8an8lno/products/1142/images/1217/Lanolips-The-Original-101-Ointment-Multipurpose-Superbalm-15g-1__93586.1610075100.386.513.jpg?c=1
/7350075691492	https://cdn11.bigcommerce.com/s-9wn8an8lno/products/5174/images/9304/The-Humble-Co-Natural-Toothpaste-Fresh-Mint-With-Fluoride-75ml-1__73364.1630021931.386.513.png?c=1
5018389027858	https://cdn11.bigcommerce.com/s-9wn8an8lno/products/13581/images/25413/So_YOU_Passion_Night_Body_Mist_150ml_2__63714.1707282007.386.513.jpg?c=1
/9338817013090	https://cdn11.bigcommerce.com/s-9wn8an8lno/products/3080/images/5444/Glasshouse-Fragrances-Montego-Bay-Rhythm-Replacement-Scent-Stems-Coconut-Lime-5-Pack-1__12571.1616989221.386.513.png?c=1
/9325024018765	https://cdn11.bigcommerce.com/s-9wn8an8lno/products/5876/images/10555/BeautyPRO-Masquerade-Cream-Spatula-1__61383.1632961760.386.513.jpg?c=1
/9356419000546	https://cdn11.bigcommerce.com/s-9wn8an8lno/products/6683/images/12126/Growth-Bomb-AHA-Scalp-Exfoliant-100ml-1__26913.1639366028.386.513.png?c=1
5018389027704	https://cdn11.bigcommerce.com/s-9wn8an8lno/products/13580/images/25411/So_YOU_Magic_Dream_Body_Mist_150ml_2__91250.1707281706.386.513.jpg?c=1
/9351383000202	https://cdn11.bigcommerce.com/s-9wn8an8lno/products/10858/images/20468/1676517593.1280.1280__82093.1676517714.386.513.jpg?c=1
9300605112384	https://cdn11.bigcommerce.com/s-9wn8an8lno/products/1546/images/2323/BioGaia-Protectis-Baby-Drops-5ml-1__69614.1611036874.386.513.png?c=1
/731788155971	https://cdn11.bigcommerce.com/s-9wn8an8lno/products/9694/images/18334/Pelvi-Leakproof-Cheeky-Bikini-Medium-1__72957.1661731663.386.513.jpg?c=1
/793591238289	https://cdn11.bigcommerce.com/s-9wn8an8lno/products/4749/images/8674/24k-Goddess-Charcoal-Hyaluronic-Acid-Eye-Masks-1-Pair-1__78056.1628117438.386.513.jpg?c=1
9341824000601	https://cdn11.bigcommerce.com/s-9wn8an8lno/products/1149/images/1234/Lanolips-Tinted-Lanolin-Lip-Balm-SPF30-Perfect-Nude-125g-1__31843.1610075103.386.513.jpg?c=1
/9343723006975	https://cdn11.bigcommerce.com/s-9wn8an8lno/products/12011/images/22973/Nutra_Organics_Collagen_Beauty_Skin_Hair_Nails_Gut_Marine_225g__14776.1687926067.386.513.jpg?c=1
/5060201410102	https://cdn11.bigcommerce.com/s-9wn8an8lno/products/13059/images/23874/Sugar_Coated_Bikini_Hair_Removal_Kit_200g_1__33738.1699833695.386.513.jpg?c=1
9316626102792	https://cdn11.bigcommerce.com/s-9wn8an8lno/products/5499/images/22423/Kenalog-logo-1000x1000__33802.1684825852.386.513.png?c=1
/746935313951	https://cdn11.bigcommerce.com/s-9wn8an8lno/products/1301/images/1466/Macro-Mike-Protein-Banana-Bread-Baking-Mix-300g-Bag-1__14481.1610342920.386.513.png?c=1
/8888300062841	https://cdn11.bigcommerce.com/s-9wn8an8lno/products/3220/images/5700/Systema-Medium-Bristles-Regular-Head-Toothbrush-1__71293.1618530084.386.513.png?c=1
/9355599000001	https://cdn11.bigcommerce.com/s-9wn8an8lno/products/4071/images/7241/63575_xlarge_1__98156.1623218776.386.513.jpg?c=1
9316774133006	https://cdn11.bigcommerce.com/s-9wn8an8lno/products/8689/images/16407/Bonvit-Prune-Juice-750ml-1__06374.1652662691.386.513.png?c=1
/9314889620282	https://cdn11.bigcommerce.com/s-9wn8an8lno/products/3835/images/6808/New-Beginnings-Silicone-Nipple-Shield-1__66824.1621297338.386.513.png?c=1
/9310059012000	https://cdn11.bigcommerce.com/s-9wn8an8lno/products/5976/images/10730/Zyrtec-Kids-Allergy-Hayfever-Oral-Liquid-Banana-200ml-1__36802.1633053268.386.513.png?c=1
9341824000120	https://cdn11.bigcommerce.com/s-9wn8an8lno/products/1148/images/1232/Lanolips-Tinted-Lanolin-Lip-Balm-SPF30-Rhubarb-125g-1__40438.1610075102.386.513.jpg?c=1
/9335607000315	https://cdn11.bigcommerce.com/s-9wn8an8lno/products/6707/images/12149/MozziGear-Mosquito-Wipes-3-x-10-Wipes__80978.1639372534.386.513.jpg?c=1
/9314108931038	https://cdn11.bigcommerce.com/s-9wn8an8lno/products/12497/images/23431/Drug_Alert_Street_Drugs_5_Pack_Kit_5_pack__15493.1694160685.386.513.jpg?c=1
/9314108931052	https://cdn11.bigcommerce.com/s-9wn8an8lno/products/12495/images/23429/Drug_Alert_Street_Street_and_prescription_Drugs_Test_Kit_5_Tests__42478.1694159473.386.513.jpg?c=1
4975479496349	https://cdn11.bigcommerce.com/s-9wn8an8lno/products/5349/images/10146/Omron-HEM6161-Wrist-Blood-Pressure-Monitor-1__80142.1631854677.386.513.png?c=1
/9351383002527	https://cdn11.bigcommerce.com/s-9wn8an8lno/products/9236/images/17502/Boody-Midi-Briefs-Nude-Large-1__03414.1656981619.386.513.jpg?c=1
9329771000844	https://cdn11.bigcommerce.com/s-9wn8an8lno/products/2676/images/4525/Flordis-ReDormin-1__51876.1615346710.386.513.png?c=1
/649191001467	https://cdn11.bigcommerce.com/s-9wn8an8lno/products/12043/images/23032/Kolorex_Vaginal_Care_Wash_100ml__94960.1688095152.386.513.jpg?c=1
9314057013960	https://cdn11.bigcommerce.com/s-9wn8an8lno/products/13574/images/25400/Dermatix_Ultra_Silicone_GEL_15g__01071.1707272368.386.513.jpg?c=1
/9314807079857	https://cdn11.bigcommerce.com/s-9wn8an8lno/products/7653/images/13954/Natures-Way-Beauty-Hyaluronic-Acid-40-Capsules-1__83878.1646099425.386.513.png?c=1
/9338817011904	https://cdn11.bigcommerce.com/s-9wn8an8lno/products/2975/images/5176/Glasshouse-Bora-Bora-Bungalow-Fragrance-Diffuser-Cilantro-Orange-Zest-250ml-1__58200.1616383679.386.513.png?c=1
/9349268000140	https://cdn11.bigcommerce.com/s-9wn8an8lno/products/3783/images/6701/Medlab-MG-Optima-Relax-Lemon-Lime-10-Pack-1__46588.1620873942.386.513.png?c=1
9400581051100	https://cdn11.bigcommerce.com/s-9wn8an8lno/products/4790/images/8740/Musashi-Protein-Crisp-Choc-Peanut-Bar-60g-1__63832.1628976417.386.513.jpg?c=1
/9325024000395	https://cdn11.bigcommerce.com/s-9wn8an8lno/products/5875/images/10553/BeautyPRO-Petite-Wax-Kit-200c-1__50914.1632961760.386.513.jpg?c=1
022600200048	https://cdn11.bigcommerce.com/s-9wn8an8lno/products/12870/images/24644/Viviscal_Strengthening_Conditioner_With_Biotin_Keratin_250mL_1__52495.1702344144.386.513.jpg?c=1
/9353965018421	https://cdn11.bigcommerce.com/s-9wn8an8lno/products/13437/images/24862/B.Box_Bento_Snack_Box_Bluey_Edition_Single_1__21538.1704341546.386.513.jpg?c=1
9400581046779	https://cdn11.bigcommerce.com/s-9wn8an8lno/products/2292/images/3795/Deluxe-Protein-Bar-Rocky-Road-60g-1__25047.1614131573.386.513.jpg?c=1
637480010559	https://cdn11.bigcommerce.com/s-9wn8an8lno/products/8964/images/16857/atkins_caramel_nut_chew__47497.1654829054.386.513.jpg?c=1
9353965002895	https://cdn11.bigcommerce.com/s-9wn8an8lno/products/13420/images/24940/B.Box_Tritan_Drink_Bottle_Barbie_600ml_2__90337.1704429135.386.513.jpg?c=1
/8004395110681	https://cdn11.bigcommerce.com/s-9wn8an8lno/products/3040/images/5340/Marvis-Ceramic-Toothpaste-Squeezer-1__77966.1616983248.386.513.jpg?c=1
/9338817014110	https://cdn11.bigcommerce.com/s-9wn8an8lno/products/1294/images/2251/Circa-Home-Kitchen-Alchemy-White-Tea-%2526-Wild-Mint-Hand-Wash-340ml-1__84794.1611009894.386.513.png?c=1
/810020170764	https://cdn11.bigcommerce.com/s-9wn8an8lno/products/2409/images/4097/Bondi-Sands-SPF-50-Lip-Balm-Toasted-Coconut-1__68588.1614656122.386.513.jpg?c=1
/9337896003480	https://cdn11.bigcommerce.com/s-9wn8an8lno/products/10254/images/19474/BLAC_9337896003480-1500-01__10185.1668994992.386.513.jpg?c=1
/9340447026456	https://cdn11.bigcommerce.com/s-9wn8an8lno/products/9175/images/17330/Boody-Full-Leggings-Large-1__99267.1656981610.386.513.jpg?c=1
/9325024112425	https://cdn11.bigcommerce.com/s-9wn8an8lno/products/7950/images/14804/Salon-Smart-Premium-Salon-Single-Towel-Black-1__14828.1647908977.386.513.jpg?c=1
/9326338048646	https://cdn11.bigcommerce.com/s-9wn8an8lno/products/13238/images/24096/Crewman_Mens_Holiday_Survival_Kit_Shampoo_Conditioner_Shower_Gel_Soap_Toothbrush__22378.1700719995.386.513.png?c=1
/9300607080421	https://cdn11.bigcommerce.com/s-9wn8an8lno/products/11403/images/21645/13029098487838__85490.1681969187.386.513.png?c=1
/9416967177258	https://cdn11.bigcommerce.com/s-9wn8an8lno/products/2102/images/3349/neat-feat-face-saver-gel-50g-1__79100.1613431320.386.513.png?c=1
9356419000423	https://cdn11.bigcommerce.com/s-9wn8an8lno/products/3006/images/21464/GROWTH_BOMB_HAIR_GROWTH_TREATMENT_SERUM_185ML_1__80172.1681449059.386.513.jpg?c=1
3282770141436	https://cdn11.bigcommerce.com/s-9wn8an8lno/products/9388/images/17781/Klorane-Quinine-Organic-Edelweiss-Conditioner-200ml-1__46456.1658728194.386.513.jpg?c=1
/74764758927	https://cdn11.bigcommerce.com/s-9wn8an8lno/products/2556/images/4365/Ardell-Nail-Addict-Premium-Artificial-Nail-Set-Nude-Jeweled-1__46275.1614822897.386.513.jpg?c=1
/9311262006015	https://cdn11.bigcommerce.com/s-9wn8an8lno/products/9797/images/18495/key_sun_cold__94805.1663287824.386.513.JPG?c=1
/9353965002925	https://cdn11.bigcommerce.com/s-9wn8an8lno/products/13434/images/24918/Mini_Lunchbox_bbox_Barbie_Edition_4__56310.1704423047.386.513.jpg?c=1
/843445026507	https://cdn11.bigcommerce.com/s-9wn8an8lno/products/12250/images/23316/plusOne_Kegel_Trainer_Blue__74112.1691554710.386.513.png?c=1
/190446298236	https://cdn11.bigcommerce.com/s-9wn8an8lno/products/11655/images/22190/Ergoform__42886.1683258185.1280.1280__57403.1684120786.1280.1280__82216.1684120997.386.513.jpg?c=1
/74764632548	https://cdn11.bigcommerce.com/s-9wn8an8lno/products/8187/images/15232/Ardell-ECOLASHES-453-1__45486.1649046833.386.513.jpg?c=1
/736658580457	https://cdn11.bigcommerce.com/s-9wn8an8lno/products/11348/images/21536/Image__72051.1681798864.386.513.jpg?c=1
/9310045001124	https://cdn11.bigcommerce.com/s-9wn8an8lno/products/8210/images/15269/Pea-Beu-Insect-Killer-Odourless-250g-1__59848.1649046836.386.513.jpg?c=1
/731509754209	https://cdn11.bigcommerce.com/s-9wn8an8lno/products/4307/images/7636/KISS-Tintation-Semi-Permanent-Colour-Treatment-T223-Blue-Midnight-148ml-1__80862.1625450043.386.513.jpg?c=1
9337896005309	https://cdn11.bigcommerce.com/s-9wn8an8lno/products/10331/images/19599/65__54920.1669602644.386.513.png?c=1
/9351383071141	https://cdn11.bigcommerce.com/s-9wn8an8lno/products/13449/images/25243/Boody_Underwear_Mens_Original_Boxers_Black_2__23948.1705359934.386.513.jpg?c=1
9329771000820	https://cdn11.bigcommerce.com/s-9wn8an8lno/products/2672/images/4521/Flordis-Femular-Forte-1__01309.1615346709.386.513.png?c=1
/859355007949	https://cdn11.bigcommerce.com/s-9wn8an8lno/products/10629/images/20092/36638__82840.1674797475.386.513.jpg?c=1
/810020170801	https://cdn11.bigcommerce.com/s-9wn8an8lno/products/2413/images/4112/Bondi-Sands-SPF-50-Lip-Balm-Juicy-Watermelon-1__26982.1614656123.386.513.jpg?c=1
/735850512600	https://cdn11.bigcommerce.com/s-9wn8an8lno/products/1107/images/1173/alya-skin-pomegranate-facial-exfoliator-scrub-80g1__55670.1610075091.386.513.jpg?c=1
/9351383000172	https://cdn11.bigcommerce.com/s-9wn8an8lno/products/10854/images/20459/variant_2651109__32142.1676517064.386.513.jpg?c=1
/190446298229	https://cdn11.bigcommerce.com/s-9wn8an8lno/products/11654/images/22186/Ergoform__42886.1683258185.1280.1280__57403.1684120786.386.513.jpg?c=1
/9300607801835	https://cdn11.bigcommerce.com/s-9wn8an8lno/products/7436/images/13619/TYLENOL-Pain-Fever-Relief-For-Children-2-Years-Strawberry-200ml-1__17347.1644793141.386.513.jpg?c=1
/9416967917984	https://cdn11.bigcommerce.com/s-9wn8an8lno/products/7524/images/13742/hand_saver_50ml__96434.1645058597.386.513.jpg?c=1
9316542145057	https://cdn11.bigcommerce.com/s-9wn8an8lno/products/7029/images/12975/Natio-Treatments-Plant-Peptide-Firm-Smooth-Eye-Cream-16ml-1__02716.1641956346.386.513.png?c=1
9341824013502	https://cdn11.bigcommerce.com/s-9wn8an8lno/products/9011/images/16938/Lanolips-Lano-Vanilla-Hand-Cream-Intense-50ml-1__10429.1655169129.386.513.jpg?c=1
9347580000503	https://cdn11.bigcommerce.com/s-9wn8an8lno/products/4799/images/8754/VOOST-Multivitamin-Effervescent-Tablets-20-Tablets-1__93085.1629331299.386.513.png?c=1
/9351906002430	https://cdn11.bigcommerce.com/s-9wn8an8lno/products/10930/images/20607/Stainless_Steel_Shaker_Black__64735.1677121361.386.513.png?c=1
9312146011873	https://cdn11.bigcommerce.com/s-9wn8an8lno/products/4524/images/8300/Thursday-Plantation-Tea-Tree-Body-Wash-For-Acne-300ml-1__63863.1626228416.386.513.png?c=1
/9314807082604	https://cdn11.bigcommerce.com/s-9wn8an8lno/products/12071/images/23086/Natures_Way_Beauty_Biotin_40_Gummies__01558.1688452712.386.513.jpg?c=1
9337896008706	https://cdn11.bigcommerce.com/s-9wn8an8lno/products/10332/images/19600/66__35907.1669602937.386.513.png?c=1
052800673045	https://cdn11.bigcommerce.com/s-9wn8an8lno/products/4342/images/7702/Aveeno-Apple-Cider-Vinegar-Shampoo-354ml-1__71442.1625551947.386.513.png?c=1
/9340447026494	https://cdn11.bigcommerce.com/s-9wn8an8lno/products/9215/images/17443/Boody-Mens-Briefs-Black-Small-1__99620.1656981616.386.513.jpg?c=1
9329771000011	https://cdn11.bigcommerce.com/s-9wn8an8lno/products/2677/images/4526/Flordis-Remotiv-1__56180.1615346711.386.513.png?c=1
/731788155957	https://cdn11.bigcommerce.com/s-9wn8an8lno/products/9692/images/18328/Pelvi-Leakproof-Cheeky-Bikini-Extra-Small-1__33252.1661731662.386.513.jpg?c=1
/680596881261	https://cdn11.bigcommerce.com/s-9wn8an8lno/products/3817/images/21262/ManukaPOWERConcentratedOintment_tubefront_1__25919.1680148422.386.513.png?c=1
9349228002825	https://cdn11.bigcommerce.com/s-9wn8an8lno/products/1505/images/2116/Peppermint-Grove-Gardenia-Candle-1__67082.1610679015.386.513.jpg?c=1
/9311262006008	https://cdn11.bigcommerce.com/s-9wn8an8lno/products/9798/images/18496/key_sun_orange__23974.1663288105.386.513.JPG?c=1
/793618506360	https://cdn11.bigcommerce.com/s-9wn8an8lno/products/9689/images/18320/Denta-Med-pH-Neutralising-Mouthwash-250ml-1__54625.1661731661.386.513.jpg?c=1
7618900909939	https://cdn11.bigcommerce.com/s-9wn8an8lno/products/5469/images/9921/Mavala_Nail_Mini_993_Windsor__48470.1631173553.386.513.jpg?c=1
5000223457303	https://cdn11.bigcommerce.com/s-9wn8an8lno/products/12647/images/24831/Opsite_Flexifix_Adhesive_Film_Roll_10cm_x1m_1__68071.1703218270.386.513.jpg?c=1
/9355449000007	https://cdn11.bigcommerce.com/s-9wn8an8lno/products/3238/images/5715/Bunjie-Its-A-Curl-Gentle-Shampoo-300ml-1__82723.1618536257.386.513.png?c=1