sku	name	weight	height	width	depth
9348082001128	Every Bit Organic Pure Styrian Pumpkin Seed Oil 250ml	0	0	0	0
/9416967177258	Neat Feat 3B Face Saver Gel 50g	0	0	0	0
4987176014351	Clearblue Early Detection Pregnancy Test 3 Pack	0	18	10	5
79625071191	EcoTools 7119A Loofah Body Sponge	0	20	12	3
9359702000179	We Are Feel Good Inc. Sensitive Sunscreen SPF 50+ 200ml	0	9	10	10
9321582002895	Harmony Menopause Day & Night 45 Tablets	0	0	0	0
9316120195450	Brauer Kids Manuka Honey Chesty Cough Oral Liquid 100ml	0	0	0	0
9300673854742	Polident Whitening Daily Cleanser for Dentures 36 Tablets	0	0	0	0
3401399545405	Bioderma Cicabio Pommade 40ml	0	0	0	0
9338817011836	Glasshouse Fragrances Melbourne Muse Soy Candle Coffee Flower & Vanilla 380g	500	0	0	0
9338817011843	Glasshouse Fragrances Midnight In Milan Soy Candle Saffron & Rose 380g	500	0	0	0
9338817011805	Glasshouse Fragrances Sydney Sundays Soy Candle Neroli & Pink Pepper 380g	500	0	0	0
8801051019452	Reach Between Soft Toothbrush	150	0	0	0
7618900903012	Mavala Stop 10ml	0	0	0	0
72140466459	FUTURO Performance Ankle Stabilizer 46645ENR	0	0	0	0
764302312437	Shea Moisture Manuka Honey & Yogurt Hydrate + Repair Shampoo 384ml	0	0	0	0
71164302262	HASK Oil 5-in-1 Leave-in Spray 175ml	0	0	0	0
034533030296	Manicare Mini Tweezers	0	0	0	0
/9325024007400	Dateline Professional Blue Celcon Tail Comb 510 Stainless Steel Pin	0	0	0	0
/840061000096	One 'N Only Argan Oil Smoothing Mousse 250g	0	0	0	0
9369999051389	5PointDetox Herbal Detox Tonic 500ml	0	0	0	0
9336628001442	Piksters SupaGRIP Flosser + Toothpick 20 Pack	0	10	8	5
9312657131084	Jack N' Jill Bio Toothbrush Dino	0	0	0	0
800307811336	Helios French Manicure Medium Pink 24 Pack	0	0	0	0
736473102568	Bass Brush Bamboo Semi Shape	0	0	0	0
9300701002329	Gaviscon Dual Action Liquid Heartburn & Indigestion Relief Peppermint 300ml	320	0	0	0
9317408013923	Sally Hansen Strengthening Nail Polish Remover 150ml	150	0	0	0
877365001245	Waxaway Ready To Use Facial Wax 20 Strips	0	0	0	0
83078015183	Carmex Naturally Intense Hydrating Watermelon Lip Balm 4.25g	0	0	0	0
9400581049237	Musashi Shaker Bottle 400ml	0	0	0	0
9323705000016	Promensil Menopause 30 Tablets	0	10	12	6
8699245892116	Otifleks Flier Earplugs Medium 1 pair	0	0	0	0
8699245891225	Otifleks Invisible Good Sleep Earplugs XLarge 1 pair	100	0	0	0
9316542126025	Natio Define Eye Pencil - Black	100	0	0	0
9316542147273	Natio Apply & Blend Eyeshadow Brush	150	0	0	0
9323857000582	Optifresh Plus Eye Drops 1% 30 x 0.4ml Vials	0	0	0	0
9316542141349	Natio Lip Colour - Nectar	100	0	0	0
5052197038125	Scholl Mens Gel Activ Work Insoles Size 7-12 1 Pair	0	0	0	0
9300631749974	Scholl Freeze Verruca & Wart Remover 80ml	0	0	0	0
5038483956403	Scholl Scholl Fungal Nail Treatment 3.8ml	0	0	0	0
9300631781127	Scholl EXPERTCARE Dry Skin PediMask 1 Pair	0	20	20	2
8809089291758	Skin Republic Charcoal Nose Strip (6 Nose Strips)	0	20	15	1
/9310045950255-9	Glen 20 Spray Disinfectant Original Scent 300g*9 Box	300	0	0	0
15594010229	Astroglide Water-Based Personal Lubricant 74ml	0	0	0	0
9316542134419	Natio Tinted Moisturiser SPF50+ Medium	100	0	0	0
9317934061306	Bushman Ultra Aerosol 40% DEET 130g	0	0	0	0
/5202236117773	ERRE DUE Lasting Contour Lip Pencil 77	0	0	0	0
/5202236206316	ERRE DUE Lip Shine Gloss 202 Dunes Of A Poet	0	0	0	0
/5202236206323	ERRE DUE Lip Shine Gloss 203 Dacote Darling	0	0	0	0
/5202236206330	ERRE DUE Lip Shine Gloss 204 Puppy Sugar	0	0	0	0
/5202236206385	ERRE DUE Lip Shine Gloss 209 Sun Clone	0	0	0	0
/5202236151548	ERRE DUE Luminous Duo Eyeshadow 504 Sweet November	0	0	0	0
/5202236151555	ERRE DUE Luminous Duo Eyeshadow 505 Girly Gossips	0	0	0	0
/5202236151562	ERRE DUE Luminous Duo Eyeshadow 506 Dare & Take Care	0	0	0	0
/5202236159063	ERRE DUE Luminous Perfecting Primer	0	0	0	0
/5202236115069	ERRE DUE Neverending Foundation 16hrs 06 Warm Almond	0	0	0	0
/5202236115076	ERRE DUE Neverending Foundation 16hrs 07A Perfect Match	0	0	0	0
/5202236157793	ERRE DUE Perfect Brow Powder 71 Sand	0	0	0	0
/5202236157809	ERRE DUE Perfect Brow Powder 72 Earth	0	0	0	0
/5202236159674	ERRE DUE Perfect Brow Tattoo 101 Oak	0	0	0	0
/5202236159681	ERRE DUE Perfect Brow Tattoo 102 Wenge	0	0	0	0
/5202236134015	ERRE DUE Perfect Mat Foundation 00 Pure Linen	0	0	0	0
/5202236134121	ERRE DUE Perfect Mat Foundation 02 Silent Dune	0	0	0	0
/5202236134152	ERRE DUE Perfect Mat Foundation 05 Mocha	0	0	0	0
/5202236134169	ERRE DUE Perfect Mat Foundation 06 Summer Tan	0	0	0	0
/5202236134213	ERRE DUE Perfect Mat Touch Foundation 301 Pale Ivory	0	0	0	0
/5202236134244	ERRE DUE Perfect Mat Touch Foundation 304 Warm Taupe	0	0	0	0
/5202236134251	ERRE DUE Perfect Mat Touch Foundation 305 Gold Bronze	0	0	0	0
/5202236758037	ERRE DUE Perfect Matte Lipstick 803 Curiosity	0	0	0	0
/5202236758099	ERRE DUE Perfect Matte Lipstick 809 Defeat	0	0	0	0
/5202236758105	ERRE DUE Perfect Matte Lipstick 810 Envy	0	0	0	0
9336628005457	Designer White Toothpaste Tooth Toner Purple 75ml	300	0	0	0
9336628005983	Designer White Tooth Toner Whitening Strips 28 Pack	300	0	0	0
792850026759	Burt's Bees Vanilla Bean Lip Balm	0	0	0	0
7332551816391	Mepilex Border AG Dressing 7.5cm x 7.5cm Single	50	0	0	0
9356170001660	Beforeyouspeak Thermo Coffee Unsweetened 30 Sachets	0	0	0	0
/076351000709	Color Lux Colour Cleansing Conditioner Blush 244ml	0	0	0	0
851228005038	Hurraw Chocolate Lip Balm 4.8g	0	0	0	0
/9325024112425	Salon Smart Premium Salon Single Towel Black	0	0	0	0
685674759609	Teelixir Red Pine Needle Oil 30ml	0	0	0	0
9314807008765	Brut Refresh Aftershave Lotion	0	0	0	0
/5202236157755	ERRE DUE Radiance Cream 400 Queen For A Day	0	0	0	0
/5202236159896	ERRE DUE Radiance Cream 401 Melting Queen	0	0	0	0
/5202236143260	ERRE DUE Satin Eyeshadow 306 Military Pants	0	0	0	0
/5202236143307	ERRE DUE Satin Eyeshadow 310 Dare To Dream	0	0	0	0
/5202236143314	ERRE DUE Satin Eyeshadow 311 Midnight Mood	0	0	0	0
/5202236187011	ERRE DUE Sheer Lipstick 501 Pixie Dust	0	0	0	0
/5202236159292	ERRE DUE Silky Premium Eye Definer 24hrs 405 Malt	0	0	0	0
/5202236159391	ERRE DUE Silky Premium Eye Definer 24hrs 415 Pansy	0	0	0	0
/5202236159407	ERRE DUE Silky Premium Eye Definer 24hrs 416 Fig	0	0	0	0
/5202236159414	ERRE DUE Silky Premium Eye Definer 24hrs 417 Grape	0	0	0	0
/5202236159421	ERRE DUE Silky Premium Eye Definer 24hrs 418 Plum	0	0	0	0
/5202236159445	ERRE DUE Silky Premium Eye Definer 24hrs 420 Raisin	0	0	0	0
/5202236159469	ERRE DUE Silky Premium Lip Definer 502 Rose	0	0	0	0
/5202236159483	ERRE DUE Silky Premium Lip Definer 504 Spicy	0	0	0	0
/5202236159513	ERRE DUE Silky Premium Lip Definer 507 Syrah	0	0	0	0
/5202236159537	ERRE DUE Silky Premium Lip Definer 509 Ruby	0	0	0	0
/5202236159551	ERRE DUE Silky Premium Lip Definer 511 Scarlet	0	0	0	0
/5202236159575	ERRE DUE Silky Premium Lip Definer 513 Magenta	0	0	0	0
/5202236159582	ERRE DUE Silky Premium Lip Definer 514 Gum	0	0	0	0
/5202236159605	ERRE DUE Silky Premium Lip Definer 516 Punch	0	0	0	0
/5202236159612	ERRE DUE Silky Premium Lip Definer 517 Autumn	0	0	0	0
/5202236159636	ERRE DUE Silky Premium Lip Definer 519 Muffin	0	0	0	0
/5202236159643	ERRE DUE Silky Premium Lip Definer 520 Cookie	0	0	0	0
/5202236116059	ERRE DUE Skin Perfection Foundation 05 Honey Beige	0	0	0	0
/5202236116066	ERRE DUE Skin Perfection Foundation 06 Brown Sugar	0	0	0	0
/5202236116035	ERRE DUE Skin Perfection Foundation 03 Creme Brulee	0	0	0	0
/5202236116042	ERRE DUE Skin Perfection Foundation 04 Neutral	0	0	0	0
/5202236116073	ERRE DUE Skin Perfection Foundation 07 Praline	0	0	0	0
/5202236137610	ERRE DUE Smooth Stick Concealer 201 Light	0	0	0	0
/5202236137634	ERRE DUE Smooth Stick Concealer 03	0	0	0	0
/5202236154020	ERRE DUE Sparkling Powder 402 Endless Summer	0	0	0	0
/5202236205050	ERRE DUE True Cover Concealer 105 Sand	0	0	0	0
93327381	Ego SOOV Bite 25g	0	0	0	0
4021457625185	Lavera Protect & Repair Lip Balm 4.5g	0	0	0	0
9326628238078	Pain Away atheLITE Heat Patches 7 Pack	0	0	0	0
9326628088888	Pain Away Forte+ Arthritis Pain Relief Cream 70g	0	0	0	0
9326628141088	Pain Away Forte+ Arthritis Pain Relief Spray 100ml	0	0	0	0
9326628106889	Pain Away Forte+ Ultra Pro Joint & Muscle Pain Relief Cream 70g	0	0	0	0
9326628291080	Pain Away Forte+ Ultra Pro Joint & Muscle Pain Relief Spray 100ml	0	0	0	0
754523953700	Macro Mike Cookie Dough Powdered Peanut Butter 180g	0	0	0	0
746935313814	Macro Mike White Choc Chip Cookie Baking Mix 300g	0	0	0	0
706502322281	Macro Mike Choc Hazelnut Powdered Peanut Butter 180g	0	0	0	0
9312658918806	In Essence ie Breathe Essential Oil Blend 25ml	120	12	5	0
9421906730432	Antipodes Diem Vitamin C Water Cream 60ml	0	0	0	0
074764632517	Ardell ECOLASHES 450	0	0	0	0
/74764632524	Ardell ECOLASHES 451	0	0	0	0
/74764632548	Ardell ECOLASHES 453	0	0	0	0
074764632555	Ardell ECOLASHES 454	0	0	0	0
/074764632562	Ardell ECOLASHES 455	0	0	0	0
9314839019135	Ego QV Dermcare Daily Cream 1kg	0	0	0	0
5060224500200	Oral 7 Mouth Spray 50ml	0	0	0	0
9329771000837	Prospan Chesty Cough Relief Menthol 200ml	0	0	0	0
/9312146012191	Thursday Plantation Headache Peppermint Oil Roll-On 9ml	0	0	0	0
/5202236159971	ERRE DUE Ultimate Camouflage Cream 301 Ginger	0	0	0	0
/5202236159988	ERRE DUE Ultimate Camouflage Cream 302 Almond	0	0	0	0
/5202236160014	ERRE DUE Ultimate Camouflage Cream 304 Caramel	0	0	0	0
/5202236119111	ERRE DUE Waterproof Eye Designer 101 Mushroom	0	0	0	0
/5202236119135	ERRE DUE Waterproof Eye Designer 103 Ash	0	0	0	0
/5202236119142	ERRE DUE Waterproof Eye Designer 104 Cassis	0	0	0	0
/5202236119159	ERRE DUE Waterproof Eye Designer 105 Cadbury	0	0	0	0
/5202236119166	ERRE DUE Waterproof Eye Designer 106 Mulberry	0	0	0	0
/5202236119197	ERRE DUE Waterproof Eye Designer 109 Sepia	0	0	0	0
/5202236119210	ERRE DUE Waterproof Eye Designer 111 Peacock	0	0	0	0
/5202236119227	ERRE DUE Waterproof Eye Designer 112 Scuba	0	0	0	0
/5202236119234	ERRE DUE Waterproof Eye Designer 113 Aquatic	0	0	0	0
/5202236119258	ERRE DUE Waterproof Eye Designer 115 Indigo	0	0	0	0
/5202236119517	ERRE DUE Waterproof Lip Designer 201 Nude	0	0	0	0
/5202236119524	ERRE DUE Waterproof Lip Designer 202 Naked	0	0	0	0
/5202236119548	ERRE DUE Waterproof Lip Designer 204 Dusty Pink	0	0	0	0
/5202236119555	ERRE DUE Waterproof Lip Designer 205 Fragile Rose	0	0	0	0
/5202236119562	ERRE DUE Waterproof Lip Designer 206 Nostalgic	0	0	0	0
/5202236119579	ERRE DUE Waterproof Lip Designer 207 Blooming	0	0	0	0
/5202236119586	ERRE DUE Waterproof Lip Designer 208 Beloved	0	0	0	0
/5202236119609	ERRE DUE Waterproof Lip Designer 210 Marsala	0	0	0	0
/5202236119623	ERRE DUE Waterproof Lip Designer 212 Cerise	0	0	0	0
/5202236119630	ERRE DUE Waterproof Lip Designer 213 Boysenberry	0	0	0	0
/5202236119647	ERRE DUE Waterproof Lip Designer 214 Poppy Red	0	0	0	0
/5202236119654	ERRE DUE Waterproof Lip Designer 215 Bloodshoot	0	0	0	0
/5202236119661	ERRE DUE Waterproof Lip Designer 216 Passionate	0	0	0	0
/5202236119678	ERRE DUE Waterproof Lip Designer 217 Blushing	0	0	0	0
/5202236119685	ERRE DUE Waterproof Lip Designer 218 Cozy	0	0	0	0
/5202236119715	ERRE DUE Waterproof Lip Designer 221 Very Berry	0	0	0	0
/5202236125525	ERRE DUE Water-Resistant Protective Powder SPF25 502 Truly Beige	0	0	0	0
/5202236160021	ERRE DUE BB Body Bronzer 501 Caribbean Sun	0	0	0	0
/5202236158660	ERRE DUE Blusher 107 Apple Pie	0	0	0	0
/5202236160090	ERRE DUE Bronzing Powder 301 Summer Glow	0	0	0	0
/5202236159919	ERRE DUE Bronzing Powder Limited Edition 202 Sahara Dunes	0	0	0	0
/5202236134626	ERRE DUE DD Cream 102 Medium	0	0	0	0
/5202236187509	ERRE DUE Full Color Metallic Lipstick 550 Trues & Lies	0	0	0	0
/5202236198611	ERRE DUE Kiss Me Forever Lipstick 51	0	0	0	0
/5202236159834	ERRE DUE Kissproof Matte Lip Color 704 Rodeo Drive	0	0	0	0
/5202236159827	ERRE DUE Kissproof Matte Lip Color 703 Drive In Lovers	0	0	0	0
/5202236159810	ERRE DUE Kissproof Matte Lip Color 702 Dusty Dallas	0	0	0	0
9353965002208	b.box Tritan Drink Bottle 600ml Ocean Breeze	0	0	0	0
9353965002215	b.box Tritan Drink Bottle 600ml Strawberry Shake	0	0	0	0
9353965003717	b.box 2-In-1 Bottle & Teat Cleaner Berry Surprise	0	0	0	0
9353965003724	b.box 2-In-1 Bottle & Teat Cleaner Lime Twist	0	0	0	0
9353965005001	b.box Cleaning Brush Set	0	0	0	0
9353965006015	b.box Connect-A-Cup Strawberry Shake	0	0	0	0
/9353965007203	b.box Toddler Cutlery Set Ocean Breeze	0	0	0	0
9353965004301	b.box Insulated Food Jar Ocean Breeze	0	0	0	0
9353965004318	b.box Insulated Food Jar Strawberry Shake	0	0	0	0
9353965010418	b.box Insulated Bottle 500ml Ocean Breeze	0	0	0	0
9353965010425	b.box Insulated Bottle 500ml Strawberry Shake	0	0	0	0
9353965010586	b.box Insulated Drink Bottle Replacement Straw Tops 2 Pack	0	0	0	0
9353965010692	b.box Insulated Lunchbag Laser Light	0	0	0	0
9353965005254	b.box Replacement Straw Pack	0	0	0	0
9353965006947	b.box Tritan Drink Bottle Replacement Straw	0	0	0	0
9353965003359	b.box Silicone Fresh Food Feeder Ocean Breeze	0	0	0	0
9353965003366	b.box Silicone Fresh Food Feeder Strawberry Shake	0	0	0	0
9353965005018	b.box Sippy Cup Blueberry	0	0	0	0
9353965005025	b.box Sippy Cup Raspberry	0	0	0	0
9353965005032	b.box Sippy Cup Apple	0	0	0	0
9353965006800	b.box Snackbox Ocean Breeze	0	0	0	0
9353965006831	b.box Snackbox Lemon Sherbet	0	0	0	0
/9353965004875	b.box Teat Stage 1	0	0	0	0
9353965002673	b.box Trio Teether Sage	0	0	0	0
9353965002604	b.box Wrist Teether Fox Lullaby Blue	0	0	0	0
9353965002611	b.box Wrist Teether Fox Peony	0	0	0	0
9353965002628	b.box Wrist Teether Fox Sage	0	0	0	0
9353965004943	b.box Transition Value Pack Blueberry	0	0	0	0
9315543603443	Body Assist Activease Magnetic Copper Wrist Health Bangle Large	0	0	0	0
9315543349488	Body Assist Bite-Me Anti-Grinding Dental Night Guard 2 Pack Child	0	0	0	0
9315543608936	Body Assist Soft Compression Arthritis Gloves Grey Extra Small	0	0	0	0
9315543604426	Body Assist Soft Compression Arthritis Gloves Grey Small	0	0	0	0
9315543604433	Body Assist Soft Compression Arthritis Gloves Grey Medium	0	0	0	0
9315543604440	Body Assist Soft Compression Arthritis Gloves Grey Large	0	0	0	0
9315543606352	Body Assist Soft Compression Arthritis Gloves Grey Extra Large	0	0	0	0
9315543993810	Body Assist Curved Finger Splint Small	0	0	0	0
9315543993827	Body Assist Curved Finger Splint Medium	0	0	0	0
9315543993834	Body Assist Curved Finger Splint Large	0	0	0	0
9315543607069	Body Assist Deluxe Thermal X-Lock Knee Wrap Small	0	0	0	0
9315543607083	Body Assist Deluxe Thermal X-Lock Knee Wrap Large	0	0	0	0
9315543993858	Body Assist Finger Cot Splint Small	0	0	0	0
9315543993865	Body Assist Finger Cot Splint Medium	0	0	0	0
9315543993872	Body Assist Finger Cot Splint Large	0	0	0	0
9315543993896	Body Assist Frog Finger Splint Small	0	0	0	0
9315543993902	Body Assist Frog Finger Splint Medium	0	0	0	0
9315543993919	Body Assist Frog Finger Splint Large	0	0	0	0
9315543606925	Body Assist My Feet Gel Toe & Finger Cap	0	0	0	0
9315543606895	Body Assist My Feet Gel Toe & Finger Sleeve	0	0	0	0
9315543606949	Body Assist My Feet Gel Toe Stretchers	0	0	0	0
9315543607021	Body Assist My Feet Gel Top-Of-Foot Comfort Sleeve Small-Medium	0	0	0	0
9315543607038	Body Assist My Feet Gel Top-Of-Foot Comfort Sleeve Large-Extra Large	0	0	0	0
9315543606918	Body Assist My Feet D-Loop Gel Toe Spreaders	0	0	0	0
9315543606932	Body Assist My Feet Gel Bunion Guard	0	0	0	0
9315543604051	Body Assist Pre-Tape Foam Underwrap 70mm X 27mm	0	0	0	0
9315543607854	Body Assist Sports Lock Lace-Up Ankle Guard Black Extra Small	0	0	0	0
9315543607861	Body Assist Sports Lock Lace-Up Ankle Guard Black Small	0	0	0	0
9315543607878	Body Assist Sports Lock Lace-Up Ankle Guard Black Medium	0	0	0	0
38016102128	Body Assist Tulis Heavy Duty Heel Cups Regular	0	0	0	0
38016102142	Body Assist Tulis Heavy Duty Heel Cups Large	0	0	0	0
/5202236117513	ERRE DUE Lasting Contour Lip Pencil 51	0	0	0	0
/5202236117568	ERRE DUE Lasting Contour Lip Pencil 56	0	0	0	0
/5202236159889	ERRE DUE Lasting Contour Twin Eye Pencil 101	0	0	0	0
/5202236159872	ERRE DUE Lasting Contour Twin Eye Pencil 100	0	0	0	0
/5202236159865	ERRE DUE Lasting Contour Twin Lip Pencil 151	0	0	0	0
/5202236206347	ERRE DUE Lip Shine Gloss 205 Pinkybloom	0	0	0	0
/5202236206361	ERRE DUE Lip Shine Gloss 207 Kuku Madness	0	0	0	0
/5202236159650	ERRE DUE Lumicolor Creamy Eye Shadow 162 American Dream	0	0	0	0
/5202236159667	ERRE DUE Lumicolor Creamy Eye Shadow 163 Mustang Mike	0	0	0	0
/5202236142225	ERRE DUE Mat Eyeshadow 202 Mocha	0	0	0	0
/5202236187417	ERRE DUE Metallic Lip Gloss 541 Beige	0	0	0	0
/5202236187424	ERRE DUE Metallic Lip Gloss 542 Pink	0	0	0	0
/5202236115045	ERRE DUE Neverending Foundation 16hrs 04 Golden Nude	0	0	0	0
/5202236143291	ERRE DUE Satin Eyeshadow 309 Mulberry Purple	0	0	0	0
/5202236159490	ERRE DUE Silky Premium Lip Definer 505 Tender	0	0	0	0
/5202236159599	ERRE DUE Silky Premium Lip Definer 515 Peony	0	0	0	0
/5202236116028	ERRE DUE Skin Perfection Foundation 02 Warm Beige	0	0	0	0
/5202236103011	ERRE DUE Smart Eye Pencil	0	0	0	0
/5202236154051	ERRE DUE Sparkling Powder 405 Wish To Be Here	0	0	0	0
/5202236119531	ERRE DUE Waterproof Lip Designer 203 Must Have	0	0	0	0
/5202236119593	ERRE DUE Waterproof Lip Designer 209 Innocence	0	0	0	0
/5202236187516	ERRE DUE Full Color Metallic Lipstick 551 Fire & Water	0	0	0	0
/5202236159841	ERRE DUE Kissproof Matte Lip Color 705 Route 66	0	0	0	0
/5202236206293	ERRE DUE Lip Shine Gloss 211 Dare To Be Band	0	0	0	0
/5202236199526	ERRE DUE Long Lasting Eye Liner 52 Dark Brown	0	0	0	0
/5202236199533	ERRE DUE Long Lasting Eye Liner 53 Copper	0	0	0	0
/5202236187615	ERRE DUE Metallic Touch Lip Color 761 Little Mermaid	0	0	0	0
/5202236187646	ERRE DUE Metallic Touch Lip Color 764 Heaven In Marrakesh	0	0	0	0
/5202236187622	ERRE DUE Metallic Touch Lip Color 762 Sirens Whispers	0	0	0	0
/5202236187639	ERRE DUE Metallic Touch Lip Color 763 Lost In The Soaks	0	0	0	0
/5202236187431	ERRE DUE Metallic Lip Gloss 543 Plum	0	0	0	0
/5202236159544	ERRE DUE Silky Premium Lip Definer 510 Blood	0	0	0	0
/5202236157663	ERRE DUE Starlight Creamy Eyeshadow 140 Paris	0	0	0	0
/5202236205036	ERRE DUE True Cover Concealer 103 Hazelnut	0	0	0	0
/5202236159759	ERRE DUE Vinyl Lip Lacquer 303 Savage Luxury	0	0	0	0
/5202236119692	ERRE DUE Waterproof Lip Designer 219 Sheepskin	0	0	0	0
/5202236159735	ERRE DUE Drama Sized Mascara 502	0	0	0	0
/5202236134732	ERRE DUE Skinlike Foundation 203 Caramel Like	0	0	0	0
/5202236205029	ERRE DUE True Cover Concealer 102 True Beige	0	0	0	0
/5202236205074	ERRE DUE True Cover Concealer 107 Toffee	0	0	0	0
/5202236205005	ERRE DUE True Cover Concealer 101A Cream	0	0	0	0
/5202236113041	ERRE DUE Xcess 3D Mascara 04 Brown	0	0	0	0
/9300711073029	Strepsils Herbal Cough Lozenges Fresh Menthol 16 Pack	0	0	0	0
9300711073005	Strepsils Herbal Cough Lozenges Honey Lemon 16 Pack	0	0	0	0
/9300711072992	Strepsils Herbal Cough Lozenges Honey Lemon 32 Pack	0	0	0	0
9300711039599	Strepsils Sugar Free Lemon Lozenges 36 Pack	0	0	0	0
63636009250	PharmaSystems Contact Lens Cases 2 Pack	0	0	0	0
9347597001449	Eco Tan Lemongrass Natural Deodorant 60ml	200	0	0	0
/9312657300244	Jack N' Jill Baby Lotion 100ml	0	0	0	0
/9310460110364	Lady Jayne Salon Pro Rechargeable Straightening Brush	0	0	0	0
769807168077	Naturobest Cycle & Skin Support 90 Capsules	0	0	0	0
/9353740003932	Salt by Hendrix  Sunshine Crystals	0	0	0	0
/8720387426324	Skin Republic Matrixyl 3000 10% Serum 30ml	0	0	0	0
8801051022766	Reach Waxed Shred Resistant Floss 50m	0	0	0	0
5010724537503	Finishing Touch Flawless Brows	0	0	0	0
5010724537541	Finishing Touch Flawless V2 Replacement Heads	0	0	0	0
/7610472873113	Medela Day&Night Duo Soother 6-18m	0	0	0	0
/9314807080044	Promensil Menopause Hair Growth & Thickness 40 Tablets	0	0	0	0
8004395001118	Proraso Shaving Cream 150ml	0	0	0	0
8004395001149	Proraso Shaving Soap Jar 150ml	0	0	0	0
4001638529457	Weleda Regenerating Body Lotion Pomegranate 200ml	0	0	0	0
9313501144250	No-Doz Plus 24 Tablets	0	0	0	0
9310041900896	Aspro Clear 24 Tablets	0	0	0	0
9338817023624	Glasshouse Fragrances Sunsets In Capri Soy Candle 380g	0	0	0	0
9319871001865	White Glo Sleep Grind Guard 10 Pack	0	0	0	0
9319871000943	White Glo Charcoal Deep Stain Remover 150g	0	0	0	0
9319871000042	White Glo Professional Choice Whitening Toothpaste 150g	0	0	0	0
/9313501311591	Blistex Hemp & Shea Hydration 4.25g	0	0	0	0
9316774150003	Bonvit Gelatine Capsule Size 00 100 Capsules	0	0	0	0
9316774151000	Bonvit Psyllium Husks 500g	0	0	0	0
9316774173002	Bonvit Vege Capsule Size 00 100 Capsules	0	0	0	0
9349228003501	Peppermint Grove Bath Salts Lemongrass & Lime	400	0	0	0
9310130044982	Benefiber Original 155g	0	0	0	0
9310130044999	Benefiber Original 261g	0	0	0	0
9310130108509	Benefiber On-The-Go Stick Packs 28 Pack	0	0	0	0
/3504105033989	Mustela Stelatopia Cleansing Cream 200ml	0	0	0	0
9330944000677	Powrgard Univers Mouthguard 8 Years-Adult Black	0	0	0	0
9330944000691	Powrgard Univers Mouthguard 8 Years-Adult Clear	0	0	0	0
9421033251077	Topiderm Urea 10% Cream 100g	0	0	0	0
9341394018815	Aero Healthcare AEROMASK Level 2 Surgical Mask 50 Pack	0	0	0	0
9341394025806	Aero Healthcare AEROMASK Childrens Surgical Mask 50 Pack	0	0	0	0
3323036002761	AKILEINE Cold Feet Cream 75ml	0	0	0	0
4895125918653	Basicare Duo Ear Wax Cleaner	0	0	0	0
7350087736204	E45 Itch Recovery Moisturising Lotion 500ml	0	0	0	0
9333583010540	Gold Cross Calamine Lotion Spray 200ml	0	0	0	0
/9312657300237	Jack N' Jill Blissful Bubbles Bubble Bath 300ml	0	0	0	0
/7612367073646	Medela Harmony Essentials Pack Manual Breast Pump	0	0	0	0
/20451432830	Medela Silicone Breast Milk Collector	0	0	0	0
3056560100015	Sophie the Giraffe Silicone Meal Set	0	0	0	0
/5011522155029	Eylure 18 Hour Lash Glue Clear 4.5ml	0	0	0	0
345330220491	Manicare Glam Eyelash Adhesive 1ml	0	0	0	0
9329221223687	Manicare Glam Xpress Black Adhesive Eyeliner 0.8ml	0	0	0	0
047144055299	Bausch + Lomb Boston Rewetting Drops 10ml	0	0	0	0
047144054315	Bausch + Lomb Boston Simplus Multi-Action Solution 120ml	0	0	0	0
/9330139102735	Plunkett's Dry Skin Relief Premium Sorbolene 100g	0	0	0	0
9300632087273	Colgate Optic White Expert High Impact 85g	0	0	0	0
7509546079325	Colgate Optic White Stain-Less White 85g	0	0	0	0
93369374	SM-33 Adult Formula Liquid 10ml	0	0	0	0
/5060163210802	BioRevive SilicolGel 200ml	0	0	0	0
9310320003805	Dencorub Pain Relieving Heat Patches 6 Pack	0	0	0	0
9369998017843	BakPhysio BakRoller	0	0	0	0
9314889620374	New Beginnings Washable Bamboo Breast Pads 8 Pack	0	0	0	0
5035883000712	SleepDoctor Snoring Relief Nasal Strips 12 Pack Small	0	0	0	0
5035883000705	SleepDoctor Oral Device	0	0	0	0
5035883000743	SleepDoctor Oral Strips 14 Pack	0	0	0	0
5035883000682	SleepDoctor Throat Spray 23.5ml	0	0	0	0
/731788155926	JAX Mens Leakproof Boxer Extra Large	0	0	0	0
/731788155933	JAX Mens Leakproof Boxer XX Large	0	0	0	0
9353965010579	b.box 360 Cup Emerald Forest	0	0	0	0
9353965010548	b.box 360 Cup Ocean Breeze	0	0	0	0
9353965010555	b.box 360 Cup Strawberry Shake	0	0	0	0
9329224002241	Dermal Therapy Lip Balm Original Stick 4.8g	0	0	0	0
9369999622121	Franjos Kitchen Motherhood Hydration Powder 150g	0	0	0	0
9316542149178	Natio Extreme Volume Smudge Proof Mascara Black	0	0	0	0
9316542149185	Natio Extreme Volume Smudge Proof Mascara Brown	0	0	0	0
9316542149208	Natio Infinite Tubing Mascara Black	0	0	0	0
9316542149253	Natio Miracle Lash Twist Brush Mascara Black	0	0	0	0
9316542149222	Natio Precision Tubing Mascara Brown	0	0	0	0
649191001009	Kolorex Vaginal Care Wash 250ml	0	0	0	0
/5021807005086	New Nordic Hair Volume Repair Mask 300ml	0	0	0	0
5021807617135	New Nordic Active Liver 30 Tablets	0	0	0	0
9300673870056	Otrivin Baby & Kids Saline Solution Nasal Spray 15ml	0	0	0	0
9312426006827	Skin Control Pimple Patch AM 24 Pack	0	0	0	0
850020432288	SOVA 3D Dental Night Guard	0	0	0	0
9316542149192	Natio Amplify & Separate Volumising Mascara Black	0	0	0	0
86449253610	CRYSTAL Mineral Deodorant Roll-On Chamomile & Green Tea 66ml	0	0	0	0
86449253917	CRYSTAL Mineral Deodorant Spray Chamomile & Green Tea 118ml	0	0	0	0
86449252910	CRYSTAL Mineral Deodorant Spray Lavender & White Tea 118ml	0	0	0	0
86449251203	CRYSTAL Mineral Deodorant Stick Unscented 120g	0	0	0	0
86449002256	CRYSTAL Mineral Deodorant Travel Stick Unscented 40g	0	0	0	0
851228005045	Hurraw Coconut Lip Balm 4.3g	0	0	0	0
851228005205	Hurraw Vanilla Bean Lip Balm 4.3g	0	0	0	0
851228005243	Hurraw Papaya Pineapple Lip Balm 4.3g	0	0	0	0
851228005021	Hurraw Chai Spice Lip Balm 4.3g	0	0	0	0
9332045001744	Bellamy's Organic Infant Formula Step 1 900g	0	0	0	0
/5011522143422	Eylure Pre-Glued Naturals 031	0	0	0	0
/5011522143514	Eylure Pre-Glued Fluttery Light 117	0	0	0	0
/5011522099767	Eylure Lengthening Starter Kit 118	0	0	0	0
/5011522053325	Eylure Dramatic 140	0	0	0	0
/5011522531106	Eylure Dybrow Dye Kit Dark Brown	0	0	0	0
9420060212174	Haakaa Fresh Food Feeder & Cover - Copper	0	0	0	0
952100738255	Multigate Non-Woven Balls 5 Pack	0	0	0	0
9336995044547	Purebaby Goat Hair Brush	0	0	0	0
4001638096522	Weleda Baby Calendula Intensive Body Cream 75ml	0	0	0	0
4001638529464	Weleda Sensitive Body Lotion Fragrance Free 200ml	0	0	0	0
5018389026998	Bespoke Woman Mandarin Praline & White Flowers Eau De Parfum 100ml	0	0	0	0
731509677782	KISS Lash Couture Strip Lash Adhesive White KLCGL01 5g	0	0	0	0
9341824013502	Lanolips Lano Vanilla Hand Cream Intense 50ml	0	0	0	0
50051105780	Lip Smacker Lippy Pals Swirl Sweet Kiwi Kitty	0	0	0	0
50051807950	Lip Smacker Lippy Pals Bunny Hoppy Carrot Cake	0	0	0	0
/9356586000622	Synxplus Sneaker Cleaner Wipes 24 Pack	0	0	0	0
8004395111374	Marvis Anise Mint Toothpaste Travel Size 25ml	0	0	0	0
8004395111633	Marvis Black Forest Toothpaste 75 ml	0	0	0	0
4013162020201	Fenjal Classic Bath Bubbles 200ml	0	0	0	0
4013162027200	Fenjal Classic Hand Cream 75ml	0	0	0	0
8004395111640	Marvis Sweet & Sour Rhubarb Toothpaste 75ml	0	0	0	0
8004395112319	Marvis Earl Grey Tea Toothpaste 75ml	0	0	0	0
8004395111817	Marvis Smokers Whitening Mint Toothpaste 85ml	0	0	0	0
8004395111725	Marvis Aquatic Mint Toothpaste 85ml	0	0	0	0
8004395112326	Marvis Creamy Matcha Tea Toothpaste 75ml	0	0	0	0
9310460103410	Lady Jayne Metallic Blush Textured Bobby Slides 10341	0	0	0	0
9310460109207	Lady Jayne Detangling Brush Large 10920	0	0	0	0
9310460110227	Lady Jayne Tangle Pro Wet Detangling Brush 11020	0	0	0	0
9310460110166	Lady Jayne Flexi-Glide Brush Small 11016	0	0	0	0
9310460110241	Lady Jayne Slim Slides 11024	0	0	0	0
9310460110258	Lady Jayne Claw Grip 11025	0	0	0	0
9310460110265	Lady Jayne Satin Scrunchie Navy or Cream with Floral Print Only 11026	0	0	0	0
9310460110272	Lady Jayne Fashion Pins 11027	0	0	0	0
9310460110289	Lady Jayne Fashion Slides 11028	0	0	0	0
/9310460110302	Lady Jayne Scalp Brush 11030	0	0	0	0
9310460110340	Lady Jayne 3D Flexi-Glide Detangling Brush 11034	0	0	0	0
9310460130836	Lady Jayne Stratton Digbeth Pocket Comb 13083	0	0	0	0
9310460130850	Lady Jayne Stratton Newton Easy Flow Comb 13085	0	0	0	0
9310460130867	Lady Jayne Stratton Balti Dress Comb 13086	0	0	0	0
9310460130874	Lady Jayne Stratton Harborne Vanity Comb 13087	0	0	0	0
9310460130881	Lady Jayne Stratton Moseley Esquire Comb 13088	0	0	0	0
9310460150049	Lady Jayne Dark Bun Styler Kit S/M	0	0	0	0
9310460150308	Lady Jayne Marble Claw Grip 15030	0	0	0	0
9310460150315	Lady Jayne Pro Claw Grip 15031	0	0	0	0
9310460150322	Lady Jayne Premium Claw Grip 15032	0	0	0	0
9310460170238	Lady Jayne Style Guards Spirals 17022BK Black	0	0	0	0
9310460170221	Lady Jayne Style Guards Spirals 17022CL Clear	0	0	0	0
/9310460170283	Lady Jayne Double Bar Slides 17028	0	0	0	0
9310460171198	Lady Jayne Luxe Scrunchies 3 Pack 17119	0	0	0	0
9310460171242	Lady Jayne Flexi-Shine Detangling Brush 17124	0	0	0	0
9310460171518	Lady Jayne SIR Hair Tie 17151	0	0	0	0
9310460171631	Lady Jayne Thin Headband 17163	0	0	0	0
9310460171648	Lady Jayne Thick Flexi Headband 17164	0	0	0	0
9310460171723	Lady Jayne Pro Fashion Headband 17172	0	0	0	0
9340447025275	Boody Boyleg Briefs Black - Small	0	0	0	0
9340447025305	Boody Boyleg Briefs Black - Medium	0	0	0	0
9351383000875	Boody Boyleg Briefs Black - Large	0	0	0	0
9340447025282	Boody Boyleg Briefs Nude - Small	0	0	0	0
9340447025312	Boody Boyleg Briefs Nude - Medium	0	0	0	0
/9351383012373	Boody Brazilian Bikini Light Grey Marl - Extra Small	0	0	0	0
9340447025213	Boody Classic Bikini Black - Small	0	0	0	0
9340447025244	Boody Classic Bikini Black - Medium	0	0	0	0
9340447025954	Boody Classic Bikini Black - Large	0	0	0	0
9351383070069	Boody Classic Bikini Black - Extra Large	0	0	0	0
9340447025220	Boody Classic Bikini Nude - Small	0	0	0	0
9340447025251	Boody Classic Bikini Nude - Medium	0	0	0	0
9340447025961	Boody Classic Bikini Nude - Large	0	0	0	0
9351383070113	Boody Classic Bikini Nude - Extra Large	0	0	0	0
9340447025206	Boody Classic Bikini White - Small	0	0	0	0
9340447025237	Boody Classic Bikini White - Medium	0	0	0	0
9340447025978	Boody Classic Bikini White - Large	0	0	0	0
9340447048854	Boody Classic Bikini White - Extra Large	0	0	0	0
9340447048908	Boody Full Briefs Black - Small	0	0	0	0
9340447048915	Boody Full Briefs Black - Medium	0	0	0	0
9340447048922	Boody Full Briefs Black - Large	0	0	0	0
9340447048939	Boody Full Briefs Black - Extra Large	0	0	0	0
9340447048496	Boody Full Briefs Nude - Small	0	0	0	0
9340447048502	Boody Full Briefs Nude - Medium	0	0	0	0
9340447048519	Boody Full Briefs Nude - Large	0	0	0	0
9340447048526	Boody Full Briefs Nude - Extra Large	0	0	0	0
/9340447026449	Boody Full Leggings - Medium	0	0	0	0
/9340447026456	Boody Full Leggings - Large	0	0	0	0
9340447025336	Boody G-String Black - Small	0	0	0	0
9340447025367	Boody G-String Black - Medium	0	0	0	0
9351383000950	Boody G-String Black - Large	0	0	0	0
9340447025343	Boody G-String Nude - Small	0	0	0	0
9351383000974	Boody G-String Nude - Large	0	0	0	0
9340447026623	Boody Hipster Bikini Black - Small	0	0	0	0
9340447026630	Boody Hipster Bikini Black - Medium	0	0	0	0
9351383000936	Boody Hipster Bikini Black - Large	0	0	0	0
/9351383002626	Boody Hipster Bikini Nude - Small	0	0	0	0
9340447025992	Boody Mens Boxers Black - Small	0	0	0	0
9340447026005	Boody Mens Boxers Black - Medium	0	0	0	0
9340447026012	Boody Mens Boxers Black - Large	0	0	0	0
/9340447048809	Boody Mens Boxers Black - Extra Large	0	0	0	0
/9340447026494	Boody Mens Briefs Black - Small	0	0	0	0
9340447026500	Boody Mens Briefs Black - Medium	0	0	0	0
9340447026517	Boody Mens Briefs Black - Large	0	0	0	0
9340447048823	Boody Mens Briefs Black - Extra Large	0	0	0	0
9351383017514	Boody Mens Everyday Boxers Black - Small	0	0	0	0
9351383017521	Boody Mens Everyday Boxers Black - Medium	0	0	0	0
9351383017545	Boody Mens Everyday Boxers Black - Extra Large	0	0	0	0
/9351383017576	Boody Mens Everyday Boxers Ash - Large	0	0	0	0
9351383002152	Boody Midi Briefs Black - Small	0	0	0	0
9351383002169	Boody Midi Briefs Black - Medium	0	0	0	0
9351383002176	Boody Midi Briefs Black - Large	0	0	0	0
/9351383002503	Boody Midi Briefs Nude - Small	0	0	0	0
/9351383002527	Boody Midi Briefs Nude - Large	0	0	0	0
5010724544365	Batiste Bamboo Fibre & Gardenia Dry Shampoo 200ml	0	0	0	0
5010724544372	Batiste Green Tea & Chamomile Dry Shampoo 200ml	0	0	0	0
/9332059001341	Gaia Natural Probiotic Toothpaste Bubblegum 50g	0	0	0	0
797776058822	goodMix Blend 11 150g	0	0	0	0
7323190277162	Mepilex Dressing 10X10cm	0	0	0	0
9330944000844	Powrgard Combat Mouthguard	0	0	0	0
609580861928	Thermoskin Thermal Compression Gloves Extra Large	0	0	0	0
190446664338	DonJoy Rotulax Elastic Knee Open Patella - Small	0	0	0	0
190446664345	DonJoy Rotulax Elastic Knee Open Patella - Medium	0	0	0	0
190446664369	DonJoy Rotulax Elastic Knee Open Patella - Extra Large	0	0	0	0
190446664567	DonJoy Stabilax Hinged Elastic Knee Support - Medium	0	0	0	0
190446664574	DonJoy Stabilax Hinged Elastic Knee Support - Large	0	0	0	0
190446664826	DonJoy Strapilax Ankle - Small	0	0	0	0
190446664840	DonJoy Strapilax Ankle - Large	0	0	0	0
/9342475106322	iko Finger Toothbrush Large	0	0	0	0
/9342475106315	iko Finger Toothbrush Medium	0	0	0	0
680569574817	Urox Bladder Control 60 Capsules	0	0	0	0
793591310794	Denta-Med Dry Mouth Oral Hygiene Spray 50ml	0	0	0	0
/9314057017685	DermaVeen Ultra Light Day Lotion SPF50+ 50ml	0	0	0	0
9325024009473	Dateline Hair Fx Vtr17 63mm Hair Rollers	0	0	0	0
797776058853	goodMix Blend 11 1.3kg	0	0	0	0
797776058839	goodMix Blend 11 400g	0	0	0	0
9343723005565	Nutra Organics Collagen Beauty 90 Tablets	0	0	0	0
3600531511654	Essie All-In-One Base & Top Coat	0	0	0	0
30095038	Essie Nail Polish - Blanc 001	0	0	0	0
30095052	Essie Nail Polish - Marshmallow Cloud 003	0	0	0	0
30095083	Essie Nail Polish - Ballet Slippers 006	0	0	0	0
30095113	Essie Nail Polish - Vanity Fairest 009	0	0	0	0
30095151	Essie Nail Polish - Mademoiselle 013	0	0	0	0
30095175	Essie Nail Polish - Sugar Daddy 015	0	0	0	0
30095397	Essie Nail Polish - Lilacism 037	0	0	0	0
30095434	Essie Nail Polish - Island Hopping 041	0	0	0	0
30095526	Essie Nail Polish - Bordeaux 050	0	0	0	0
30095625	Essie Nail Polish - Really Red 060	0	0	0	0
30102583	Essie Nail Polish - Lady Like 101	0	0	0	0
30102590	Essie Nail Polish - Play Date 102	0	0	0	0
30096073	Essie Nail Polish - Cocktail Bling 203	0	0	0	0
30097681	Essie Nail Polish - Bikini So Teeny 219	0	0	0	0
83078014278	Carmex Strawberry Tube 10g	0	0	0	0
9346710000420	Herbs of Gold Womens Multi+ 30 Tablets	0	0	0	0
/9310379000145	Restoria Discreet Grey Blending Lotion 236ml	0	0	0	0
076950450011	Yogi Bedtime Herbal Tea 16 Tea Bags	0	0	0	0
/76950450042	Yogi Breathe Deep Herbal Tea 16 Tea Bags	0	0	0	0
76950450035	Yogi Stomach Ease Herbal Tea 16 Tea Bags	0	0	0	0
076950203532	Yogi Soothing Caramel Bedtime Herbal Tea 16 Tea Bags	0	0	0	0
9336628004924	GC Dry Mouth Gel Mint 40g	0	0	0	0
9312146007487	Thursday Plantation Lavender Oil 50ml	0	0	0	0
7618900964198	Mavala Prismatic 419 Nordic Light	0	0	0	0
7618900964228	Mavala Prismatic 422 Satin Light	0	0	0	0
9310488023141	Centrum Kids Incremin Iron Mixture 200ml	0	0	0	0
9314057012727	DURO-TUSS Chesty Cough Forte 24 Tablets	0	0	0	0
30104983	Essie Nail Polish - 249 Go Ginza	0	0	0	0
30095755	Essie Nail Polish - 073 Cute As A Button	0	0	0	0
30095298	Essie Nail Polish - 027 Watermelon	0	0	0	0
30112872	Essie Nail Polish - 318 Resort Fling	0	0	0	0
30095663	Essie Nail Polish - 064 Fifth Avenue	0	0	0	0
30096011	Essie Nail Polish - 099 Mint Candy Apple	0	0	0	0
30095762	Essie Nail Polish - 074 Tart Deco	0	0	0	0
30095748	Essie Nail Polish - 072 Peach Daiquiri	0	0	0	0
30095250	Essie Nail Polish - 023 Eternal Optimist	0	0	0	0
30095519	Essie Nail Polish - 049 Wicked	0	0	0	0
3282770141283	Klorane Quinine & Organic Edelweiss Shampoo 400ml	0	0	0	0
3282770141436	Klorane Quinine & Organic Edelweiss Conditioner 200ml	0	0	0	0
3282770140972	Klorane Conditioner With Mango Butter 200ml	0	0	0	0
3282770144659	Klorane Repairing Conditioner With Organic Cupuacu 200ml	0	0	0	0
3282770144727	Klorane Repairing Shampoo With Organic Cupuacu 400ml	0	0	0	0
3282770141931	Klorane Shampoo With Organic Nettle 400ml	0	0	0	0
3282770145700	Klorane Soothing Conditioner With Organic Peony 150ml	0	0	0	0
3282770145076	Klorane Soothing Shampoo With Organic Peony 400ml	0	0	0	0
3282770147469	Klorane Volume Conditioner With Flax 200ml	0	0	0	0
3282770147308	Klorane Volume Shampoo With Flax 400ml	0	0	0	0
9416967912644	Neat Feat Gel Bunion Pad	0	0	0	0
4001638098311	Weleda Calendula Nappy Change Cream 75ml	0	0	0	0
/9300607080230	Sudafed Nasal Decongestant Spray Value Pack 2x20ml	0	0	0	0
9313501031444	Blistex Antiviral Cold Sore Cream 5g	0	0	0	0
9323503023675	BIOGLAN Red Krill Oil Double Strength 1000mg 60 Capsules	0	0	0	0
9310460021257	Lady Jayne Metal Tail Comb 2125	0	0	0	0
9310460521306	Lady Jayne Side Comb 2130B Black 4 Pack	0	0	0	0
9310460221305	Lady Jayne Side Comb 2130C Clear 4 Pack	0	0	0	0
9310460121308	Lady Jayne Shell Side Comb 2130S Shell 4 Pack	0	0	0	0
9310460021912	Lady Jayne Pocket Comb 2191 2 Pack	0	0	0	0
9310460022681	Lady Jayne Invisibles Polybands 2268 Black 50 Pack	0	0	0	0
9310460022698	Lady Jayne Invisibles Polybands 2269 Pastel 50 Pack	0	0	0	0
9310460022803	Lady Jayne Snagless Elastics 2280 18 Pack Assorted	0	0	0	0
9310460122800	Lady Jayne Snagless Elastics 2280B 18 Pack Black	0	0	0	0
9310460222807	Lady Jayne Snagless Elastics 2280BL 18 Pack Blonde	0	0	0	0
9310460322804	Lady Jayne Snagless Elastics 2280BR 18 Pack Brown	0	0	0	0
9310460122817	Lady Jayne Snagless Thick Elastics 2281B 10 Pack Black	0	0	0	0
9310460222814	Lady Jayne Snagless Thick Elastics 2281BL 10 Pack Blonde	0	0	0	0
9310460322811	Lady Jayne Snagless Thick Elastics 2281BR 10 Pack Brown	0	0	0	0
9310460322842	Lady Jayne Sporties Elastics 2284B 10 Pack Black	0	0	0	0
9310460023503	Lady Jayne Boar Bristle Pad Brush 2350 Large	0	0	0	0
9310460023510	Lady Jayne Boar Bristle Pad Brush 2351 Purse-Sized	0	0	0	0
9310460024210	Lady Jayne Metal Pin Pad Brush 2421 Purse-Sized	0	0	0	0
9310460024784	Lady Jayne Formation Brush 2478 Large	0	0	0	0
9310460526073	Lady Jayne Bobby Pins 25 Pack 2607BK Black	0	0	0	0
9310460726077	Lady Jayne Bobby Pins 25 Pack 2607BL Blonde	0	0	0	0
9310460826074	Lady Jayne Bobby Pins 25 Pack 2607BR Brown	0	0	0	0
9310460526080	Lady Jayne Bobby Pins 50 Pack 2608BK Black	0	0	0	0
9310460826081	Lady Jayne Bobby Pins 50 Pack 2608BR Brown	0	0	0	0
9310460526202	Lady Jayne Large Bobby Pins 25 Pack 2620BK Black	0	0	0	0
9310460026733	Lady Jayne Self-Holding Rollers 8 Pack 2673 Small	0	0	0	0
9310460026740	Lady Jayne Self-Holding Rollers 8 Pack 2674 Medium	0	0	0	0
9310460026764	Lady Jayne Self-Holding Rollers 4 Pack 2676 Extra Large	0	0	0	0
9310460828214	Lady Jayne Fringe Pins 50 Pack 2821BR Brown	0	0	0	0
9310460230130	Lady Jayne One Touch Clips 10 Pack 3013B Black	0	0	0	0
9310460034257	Lady Jayne Hair Nets 2 Pack 3525LB Light Brown	0	0	0	0
9310460134254	Lady Jayne Hair Nets 2 Pack 3525MB Medium Brown	0	0	0	0
9310460734379	Lady Jayne Bun Nets 3 Pack 3437BO Blonde	0	0	0	0
9310460934373	Lady Jayne Bun Nets 3 Pack 3437LB Light Brown	0	0	0	0
9310460534474	Lady Jayne Medium Claw Grip 3447B Black	0	0	0	0
9310460234473	Lady Jayne Medium Claw Grip 3447S Shell	0	0	0	0
9310460134490	Lady Jayne Large Claw Grip 3449S Shell	0	0	0	0
9310460334562	Lady Jayne Octopus Claw 3456B Black	0	0	0	0
9310460234565	Lady Jayne Octopus Claw 3456S Shell	0	0	0	0
9310460834574	Lady Jayne Medium Super Hold Claw Grip 3457B Black	0	0	0	0
9310460537888	Lady Jayne Scruchy 3788B Black	0	0	0	0
9310460973037	Lady Jayne Salon Pro Paddle Brush 7303	0	0	0	0
9310460973112	Lady Jayne Salon Pro Porcupine Radial Brush 7311 Large	0	0	0	0
9310460073133	Lady Jayne Ibis Clips 2 Pack 7313	0	0	0	0
9310460576009	Lady Jayne Radial Brush 7600 Medium	0	0	0	0
9310460576047	Lady Jayne Vent Brush 7604 Large	0	0	0	0
9310460576054	Lady Jayne Styling Brush 7605 Purse-Sized	0	0	0	0
9310460576061	Lady Jayne Styling Brush 7606 Large	0	0	0	0
9310460076677	Lady Jayne Mini Claw Grips 2 Pack 7667 Shell	0	0	0	0
9310460077834	Lady Jayne Knitted Ponytailers Softies 24 Pack 7783 Pastel	0	0	0	0
9310460077896	Lady Jayne Knitted Ponytailers Softies 24 Pack 7789 School	0	0	0	0
345330210003	Manicare Curved Cuticle Trimmer & Pusher 21000	0	0	0	0
9329221210144	Manicare Ergonomic 4-Way Buffer 21014	0	0	0	0
9329221210717	Manicare Baby Soft Touch Nail Clipper 21071	0	0	0	0
9329221210748	Manicare maniPRO 2-in-1 Cleaner & Pusher 21074	0	0	0	0
345330220330	Manicare Glam Brush-On Glue 4g 22033	0	0	0	0
9329221221904	Manicare Glam 24 Miranda 22190	0	0	0	0
9329221222147	Manicare Glam 43 Adriana 22214	0	0	0	0
9329221222819	Manicare Glam 50 Sophia 22281	0	0	0	0
9329221223397	Manicare Glam Pro Magnetic Lashes 64 Willow 22339	0	0	0	0
9329221223458	Manicare Glam Pro Magnetising Eyeliner 22345	0	0	0	0
9329221223434	Manicare Glam Pro Magnetic Lashes 65 Khloe 22343	0	0	0	0
9329221223175	Manicare Glam 61 Coco 22317	0	0	0	0
9329221223519	Manicare Glam 69 Ariana 22351	0	0	0	0
9329221223649	Manicare Glam Xpress 71 Ella-Rose Lash Kit 22364	0	0	0	0
/9329221223663	Manicare Glam Xpress 72 Ruby-Grace Lash Kit 22366	0	0	0	0
9329221223793	Manicare Glam Precision Lash Applicator 22379	0	0	0	0
9329221222215	Manicare Glam 221 French Pink Short Square 22221	0	0	0	0
9329221223892	Manicare Glam Glam Ready Pre-Glued Lashes 84 Jasmine 22384	0	0	0	0
9329221223908	Manicare Glam Glam Ready Pre-Glued Lashes 85 Shanina 22385	0	0	0	0
9329221223885	Manicare Precision Brow Scissors 22388	0	0	0	0
9329221223939	Manicare Glam Lash Guard 22393	0	0	0	0
345330230094	Manicare Precision Blending Sponge 23009	0	0	0	0
9329221230364	Manicare Brush Cleaner & Tool Sanitiser 100ml 23036	0	0	0	0
9329221230371	Manicare Flawless Complexion Sponge 23037	0	0	0	0
9329221230449	Manicare E14 Lash & Brow Brush 23044	0	0	0	0
9329221230463	Manicare F12 Powder Brush 23046	0	0	0	0
9329221230500	Manicare E12 Brow & Eye Defining Brush 23050	0	0	0	0
9329221230685	Manicare Perfect & Correct Sponge Kit 23068	0	0	0	0
9329221231064	Manicare Erase-It 2 Pack 23106	0	0	0	0
9329221231163	Manicare Magnifying Pore Vacuum 23116	0	0	0	0
9329221250041	Manicare PediPRO Callus File 25004	0	0	0	0
9329221250058	Manicare PediPRO Callus Remover 25005	0	0	0	0
/74764489487	Ardell Magnetic MEGAHOLD 054	0	0	0	0
9356155000008	JSHealth Probiotic + 30 Capsules	0	0	0	0
9400581051896	Nutra-Life Ultra Curcumin Turmeric 55000 50 Tablets	0	0	0	0
9329771000769	Prospan Chesty Cough Relief Syrup 100ml	0	0	0	0
9329771000776	Prospan Children Chesty Cough Relief Syrup 100ml	0	0	0	0
9329221250065	Manicare PediPRO Softroc Foot Exfoliator 25006	0	0	0	0
9329221255077	Manicare Dry Body Brush 25507	0	0	0	0
9329221255084	Manicare Charcoal Exfoliating Gloves 25508	0	0	0	0
345330260008	Manicare Travel Tubes 2 Pack 26000	0	0	0	0
9329221260101	Manicare RapidDRY Hair Turban 26010	0	0	0	0
9329221260149	Manicare Scented Sleep Mask 26014	0	0	0	0
9329221260156	Manicare Scented Sleep Turban 26015	0	0	0	0
93437059	Manicare Nail Polish Remover Pads 27651 Floral	0	0	0	0
93437042	Manicare Nail Polish Remover Pads 27652 Coconut	0	0	0	0
034533306001	Manicare Nasal Safety Scissors 30600	0	0	0	0
034533308005	Manicare Baby Safety Scissors 30800	0	0	0	0
034533310008	Manicare Toenail Scissors 31000	0	0	0	0
034533312002	Manicare Nail Scissors Curved 31200	0	0	0	0
034533313009	Manicare Nail Scissors Straight 31300	0	0	0	0
034533314006	Manicare Cuticle Scissors Curved 31400	0	0	0	0
034533319001	Manicare Pedicure File 31900	0	0	0	0
034533323008	Manicare Hairdressing Scissors 13cm 32300	0	0	0	0
034533324005	Manicare Hairdressing Scissors 16cm 32400	0	0	0	0
034533329000	Manicare Nurses Scissors Sharp Tips 32900	0	0	0	0
034533352008	Manicare Point Tweezers 35200	0	0	0	0
034533357003	Manicare Triple X Tweezers 35700	0	0	0	0
034533364001	Manicare Flat Tweezers Gold Tipped 36400	0	0	0	0
034533365008	Manicare Slant Tweezers Gold Tipped 36500	0	0	0	0
034533372006	Manicare Scissor Tweezers 37200	0	0	0	0
034533375007	Manicare Cuticle Sticks 4 Pack 37500	0	0	0	0
034533379005	Manicare Maxi Buffer 37900	0	0	0	0
034533381008	Manicare Cuticle Trimmer 38100	0	0	0	0
034533382005	Manicare 3-Step Nail Buffer 38200	0	0	0	0
034533385006	Manicare Emery Boards 8 Pack 38500 120mm	0	0	0	0
034533386003	Manicare Emery Boards 8 Pack 38600 170mm	0	0	0	0
034533390000	Manicare Baby Emery Boards 3 Pack 39000	0	0	0	0
034533391007	Manicare Sapphire Nail File No 1 39100	0	0	0	0
034533392004	Manicare Sapphire Nail File No 2 39200	0	0	0	0
034533395005	Manicare Sapphire Nail File No 5 39500	0	0	0	0
034533397009	Manicare Nail Shapers 2 Pack 39700 175mm	0	0	0	0
034533398006	Manicare Nail Shapers 2 Pack 39800 175mm	0	0	0	0
034533399003	Manicare Nail Shapers 2 Pack 39900 175mm	0	0	0	0
034533420004	Manicare Cuticle Clippers 42000	0	0	0	0
034533410005	Manicare Corn Plane 41000	0	0	0	0
034533411002	Manicare Corn Plane Blades 41100	0	0	0	0
034533416007	Manicare Chiropody Pliers 120mm 41600	0	0	0	0
9329224003293	Dermal Therapy Cold Sore Lysine Gel 5g	0	0	0	0
9313776085555	Gelflex Preserved Saline 500ml	0	0	0	0
9300711857711	Nurofen Meltlets Berry Burst 200mg 24 Pack	150	0	0	0
4005800055867	Elastoplast Scar Reducer 3.8cm x 6.8cm 21 Pack	0	0	0	0
4005800262579	Elastoplast Scar Reducer XL 3cm x 14.6cm 21 Pack	0	0	0	0
9314839017124	Ego QV Baby Moisturising Cream 250g	0	0	0	0
9314839018022	Ego QV Baby Bath Oil 250ml	0	0	0	0
739601486486	Byron Bay Bellies Baby Massage Oil 30ml	0	0	0	0
9349927001990	Pandas by Luvme Eco Bamboo Wipes 80 Pack	0	0	0	0
9323503027659	BIOGLAN Sleep Spray 50ml	0	0	0	0
034533457017	Manicare Luxury Cleansing Sponge White 457W	0	0	0	0
034533497006	Manicare Pimple & Blackhead Remover 49700	0	0	0	0
034533532004	Manicare Cellulose Sponges 53200	0	0	0	0
034533534008	Manicare Dual Cosmetic Pencil Sharpener 53400	0	0	0	0
034533537009	Manicare Foundation Wedges 5 Pack 53700	0	0	0	0
034533562001	Manicare Foundation Sponges 56200	0	0	0	0
034533588001	Manicare Nail Shapers 2 Pack 58800 140mm	0	0	0	0
3221160614556	Manicare Cuticle Therapy Oil 61455	0	0	0	0
034533622033	Manicare Nail Brush 662W	0	0	0	0
345330668002	Manicare Crystal Nail File 66800	0	0	0	0
345330669009	Manicare Bec + Bridge Fashion Nail Shapers 2 Pack 66900	0	0	0	0
034533618012	Manicare Acetone Free Nail Polish Remover 125ml 618A	0	0	0	0
034533813004	Manicare Acetone Free Nail Polish Remover 60ml	0	0	0	0
3221160946558	Manicare Nail Shaper Blue 94655	0	0	0	0
034533935003	Manicare 4 Way Buffer 93500	0	0	0	0
034533641003	Manicare Body Loofah Bath Brush 64100	0	0	0	0
034533717005	Manicare Compact Mirror 71700	0	0	0	0
034533718002	Manicare Makeup & Shaving Mirror 71800	0	0	0	0
3221160944554	Manicare Precision Tweezers Pink 94455	0	0	0	0
345330947008	Manicare Travel Bottles 2 Pack 94700	0	0	0	0
345330973007	Manicare Rotary Toenail Clipper 97300	0	0	0	0
/793618506360	Denta-Med pH Neutralising Mouthwash 250ml	0	0	0	0
/731788155957	Pelvi Leakproof Cheeky Bikini - Extra Small	0	0	0	0
/731788155964	Pelvi Leakproof Cheeky Bikini - Small	0	0	0	0
/731788155971	Pelvi Leakproof Cheeky Bikini - Medium	0	0	0	0
/731788155988	Pelvi Leakproof Cheeky Bikini - Large	0	0	0	0
/619232001831	Eylure 3/4 Length 006 Lashes	0	0	0	0
9341824013526	Lanolips 101 Dry Skin Super Cream	0	0	0	0
722510070013	O'Keefe's Lip Repair Lip Balm 4.2g Unscented	0	0	0	0
722510071010	O'Keefe's Lip Repair Lip Balm 4.2g Cooling	0	0	0	0
26169034779	Body Fantasies Romance & Dreams Body Spray 94ml	0	0	0	0
9336628007109	Piksters The Wiggles Toothbrush	0	0	0	0
9336628007062	Piksters The Wiggles Toothpaste Strawberry 96g	0	0	0	0
9336628007086	Piksters The Wiggles Toothpaste Vanilla 96g	0	0	0	0
9353965000235	b.box Insulated Sport Sprout Bottle 500ml - Strawberry Shake	0	0	0	0
9353965000273	b.box Insulated Sport Sprout Bottle 500ml - Emerald Forest	0	0	0	0
9323573008558	Caruso's Wee Less 60 Tablets	0	0	0	0
3564300032033	Claratyne Children's Saline Nasal Spray 20ml	0	0	0	0
9338689003304	Glucoboost Red 150g	0	0	0	0
9338689003311	Glucoboost Black 150g	0	0	0	0
9338689003137	Glucoboost Multi 150g	0	0	0	0
9352570000722	Medescan Ultrasonic Nebuliser	0	0	0	0
9324294000104	Schuessler Tissue Salts Mag Phos 250 Tablets	0	0	0	0
9314694097347	Globite Digital Luggage Scale	200	0	0	0
9314694058928	Globite Eye Mask & Ear Plugs - Black	200	0	0	0
9314694066503	Globite Luggage Strap - Assorted Color	200	0	0	0
9314694081179	Globite USA/UK/EU Adaptor Multi Pack Set	200	0	0	0
9314694066046	Globite Multi Travel Adaptor	200	0	0	0
9314694081353	Globite RFID Travel Money Belt	200	0	0	0
9314694081360	Globite RFID Travel Neck Pouch	200	0	0	0
9314694058843	Globite Silicone Travel Bottles 100ml 2 Pack	200	0	0	0
9314694058836	Globite Silicone Travel Bottles 50ml 2 Pack	200	0	0	0
9314694058805	Globite 7 Piece Travel Kit	200	0	0	0
9314694081384	Globite TSA 3 Dial Combination Lock Blue	200	0	0	0
/804589908036	Baxter Blue Digital De Stress Roll On 10ml	150	0	0	0
/804589908463	Baxter Blue Magnesium Bath Flakes 300g	400	0	0	0
933551540	The Base Collective Little Organic Baby Balm Magnesium & Lavender 100g	200	0	0	0
5060104170615	YES Natural Plant-Oil Based Personal Lubricant 80ml	100	0	0	0
9345983002674	Gaiam Back & Body Buddy Double Massage Ball Roller	300	0	0	0
9345983002810	Gaiam Wellness Deep Relief Vibration Massager	300	0	0	0
9345983002155	Gaiam Performance Flatband Loop Tone-Up	300	0	0	0
9345983002148	Gaiam Performance Flatband Loop Mobility & Movement	300	0	0	0
/9345983002162	Gaiam Performance Flatband Loop Maximum Strength - Heavy	300	0	0	0
9345983003251	Gaiam Wellness Hot And Cold Neck Cradle	300	0	0	0
/7640140190334	Strataderm Scar Therapy Gel 20g	0	0	0	0
83078011215	Carmex Watermelon Moisturising Lip Balm 7.5 g	20	0	0	0
5000488202007	Rescue Remedy Drops 20ml	0	0	0	0
9323857000339	Mag-Sup Magnesium Supplement 500mg 250 Tablets	0	0	0	0
9345983002131	Gaiam Flatband Maximum Strength - Heavy Resistance	300	0	0	0
9345983002117	Gaiam Flatband Mobility & Movement - Light	300	0	0	0
9345983002124	Gaiam Flatband Tone Up - Medium	300	0	0	0
9345983002797	Gaiam Ultimate Foot & Body Massager	300	0	0	0
9329224003316	Dermal Therapy Acne Control Lotion 85ml	100	0	0	0
9329224003613	Dermal Therapy Acne Control Kit	100	0	0	0
9329224003309	Dermal Therapy Acne Control Wash 175ml	100	0	0	0
9329224003323	Dermal Therapy Acne Spot Cream 30g	100	0	0	0
9329224003330	Dermal Therapy Sweat Control Lotion 60ml	100	0	0	0
9329224003446	Dermal Therahy Sweat Control Spray 60ml	100	0	0	0
/5202236113706	ERRE DUE Everlasting Liquid Matte Lipstick 610 Hollywood Secret	0	0	0	0
/5202236186311	ERRE DUE Full Color Lipstick 421 High Heels	0	0	0	0
/5202236186335	ERRE DUE Full Color Lipstick 423 Scandal in Town	0	0	0	0
/5202236198529	ERRE DUE Kiss Me Forever Lipstick 42	0	0	0	0
/5202236151593	ERRE DUE Luminous Duo Eyeshadow 509 Moon Walk	0	0	0	0
/5202236159568	ERRE DUE Silky Premium Lip Definer 512 Cerise	0	0	0	0
/5202236205067	ERRE DUE True Cover Concealer 106 Mocha	0	0	0	0
/5202236119616	ERRE DUE Waterproof Lip Designer 211 Ruby Wine	0	0	0	0
/9311262010029	English Blazer Original Deodorant Body Spray 150g	200	0	5	0
/9351383017965	Boody Men's Active Muscle Tee Black Large	0	0	0	0
/9351383017972	Boody Men's Active Muscle Tee Black XL	0	0	0	0
/9351383020149	Boody Motivate 3/4 High-Waist Black Tights Small	0	0	0	0
/9351383020194	Boody Motivate 3/4 High-Waist Dark Olive Tights Small	0	0	0	0
/9351383018290	Boody Women's Weekend Zip-Up Hoodie Black Small	0	0	0	0
/9351383002183	Boody Racerback Active Tank White Small	0	0	0	0
/9351383002206	Boody Racerback Active Tank White Large	0	0	0	0
/9351383017552	Boody Men's Everyday Boxers Ash Small	0	0	0	0
/9351383017583	Boody Men's Everyday Boxers Ash XL	0	0	0	0
736658562941	Wet Brush Original Detangler Hello Kitty White Limited Edition	0	0	0	0
/736658580457	Wet Brush Pro Bright Future Detangler Purple	0	0	0	0
736658494785	Wet Brush Go Green Speed Dry Brush Green	0	0	0	0
736658563030	Wet Brush Original Detangler Hello Kitty Pink Limited Edition	0	0	0	0
736658563009	Wet Brush Original Detangler Hello Kitty Bubblegum Limited Edition	0	0	0	0
5015278303055	Museums And Galleries Strawberry Thief Magnetic Fridge Notepad	150	0	0	0
5015278323183	Museums And Galleries Under The Wave Magnetic Fridge Notepad	150	0	0	0
5015278343297	Museums And Galleries Bee Pattern Magnetic Fridge Notepad	150	0	0	0
5015278431574	Museums And Galleries Almond In Bloom Notebook	150	0	0	0
5015278540177	Museums And Galleries Almond In Bloom Napkins	150	0	0	0
5015278460475	Museums And Galleries Arts and Crafts Birds Box of 20 Notecards with Envelopes	150	0	0	0
5015278460550	Museums And Galleries Vincent Van Gogh Box of 20 Notecards with Envelopes	150	0	0	0
5015278308173	Museums And Galleries Strawberry Thief Mini Notebook	150	0	0	0
5015278393360	Museums And Galleries Blossom Stitched Notebook	150	0	0	0
9780857753816	Museums And Galleries The Great Wave Foiled Journal	150	0	0	0
9780857756626	Museums And Galleries Van Gogh Starry Night Foiled Journal	150	0	0	0
9780857756633	Museums And Galleries Van Gogh Sunflowers Foiled Journal	150	0	0	0
9781839644863	Museums And Galleries Van Gogh Midi Notebook Collection	150	0	0	0
9781783616763	Museums And Galleries Van Gogh Starry Night Foiled Pocket Journal	150	0	0	0
9781786640239	Museums And Galleries Van Gogh Sunflowers Foiled Pocket Journal	150	0	0	0
5015278450117	Museums And Galleries Floral Designs Square Set of 8 Notecards Wallet	150	0	0	0
5015278411699	Museums And Galleries Honey Bee & Moths Square Set of 8 Notecards Wallet	150	0	0	0
5015278450124	Museums And Galleries Japanese Cranes Square Set of 8 Notecards Wallet	150	0	0	0
5015278346779	Museums And Galleries Under The Wave Square Set of 8 Notecards Wallet	150	0	0	0
5015278460444	Museums And Galleries Morning Sunrise Square Set of 8 Notecards Wallet	150	0	0	0
5015278301204	Museums And Galleries Strawberry Thief Square Square Set of 8 Notecards Wallet	150	0	0	0
5015278411712	Museums And Galleries Van Gogh Square Set of 8 Notecards Wallet	150	0	0	0
5015278208374	Museums And Galleries Strawberry Thief Writing Set	150	0	0	0
5015278450162	Museums And Galleries Catherine Rowe Honey Bee Writing Set	150	0	0	0
9351095033581	William Morris Compact Mirror (Colour Selected at Random)	150	0	0	0
9351095031488	William Morris Wild Tulip Glasses Case	150	0	0	0
9351095031518	William Morris Fruit Glasses Case	150	0	0	0
9351095031549	William Morris Strawberry Thief Glasses Case	150	0	0	0
9351095031242	William Morris Wild Tulip Manicure Set	150	0	0	0
9351095031273	William Morris Strawberry Thief Manicure Set	150	0	0	0
9351095031303	William Morris Fruit Manicure Set	150	0	0	0
9329414727428	Sugar Baby Glow Your Own Way Luxe Micro-Fibre Headband	0	0	0	0
9329414727459	Sugar Baby Glow Your Own Way Luxe Micro-Fibre Cleansing Pads	0	0	0	0
9329414733009	Sugar Baby Wash & Glow Facial Cleanser 100ml	0	0	0	0
9329414733016	Sugar Baby Pores Be Pure Glow Tonic 100ml	0	0	0	0
9329414733023	Sugar Baby Sc-rub & Glow Facial Scrub 75g	0	0	0	0
9329414733054	Sugar Baby Dream Cream Facial Cream 50g	0	0	0	0
9329414733061	Sugar Baby SOS Super Serum 40ml	0	0	0	0
9329414733238	Sugar Baby Say Hello To Glow Detoxifying Face Mask 75ml	0	0	0	0
9329414733276	Sugar Baby Express Glow Sheet Mask 20ml	0	0	0	0
7618900967076	Mavala Nail Mini 707 Colorado	0	0	0	0
7618900967083	Mavala Nail Mini 708 Murray	0	0	0	0
7618900967090	Mavala Nail Mini 709 Amazonas	0	0	0	0
7618900967106	Mavala Nail Mini 710 Mekong	0	0	0	0
7618900967113	Mavala Nail Mini 711 Shanon	0	0	0	0
7618900967120	Mavala Nail Mini 712 Indus	0	0	0	0
/9316542150914	Natio Kids Happy Days Essential Oil Blend 15ml	100	0	0	0
/9316542150921	Natio Kids Sweet Dreams Essential Oil Blend 15ml	100	0	0	0
/9316542150938	Natio Kids Sniffle Snuffle Essential Oil Blend 15ml	100	0	0	0
/9316542150945	Natio Kids Magical Wonder Oil 125ml	300	0	0	0
769807815292	Pelvi Maternity Bra Small	0	0	0	0
769807815308	Pelvi Maternity Bra Medium	0	0	0	0
769807815315	Pelvi Maternity Bra Large	0	0	0	0
9310059002247	Visine Advanced Eye Drops 15 ml	0	0	0	0
9310059002315	Visine Allergy Eye Drops 15 ml	0	0	0	0
9310059002209	Visine Clear Eye Drops 15 ml	0	0	0	0
312547493833	Visine Red Eye Hydrating Comfort Eye Drops 8ml	0	0	0	0
/9354410000305	Pentavite Daily Immune Kids 60 Gummies	0	0	0	0
9351383002961	Boody Long Sleeve Top White Small	0	0	0	0
9351383002978	Boody Long Sleeve Top White Medium	0	0	0	0
9351383002985	Boody Long Sleeve Top White Large	0	0	0	0
9315543607076	Body Assist Deluxe Thermal X-Lock Knee Wrap Medium	0	0	0	0
9420060212211	Haakaa Fresh Food Feeder & Cover - Lavender	0	0	0	0
9420060212129	Haakaa Fresh Food Feeder & Cover - Steel Blue	0	0	0	0
9322837004183	MicrOrganics Green Nutritionals Omega3 90 Vegan Capsules	0	0	0	0
9322837004220	MicrOrganics Green Nutritionals Organic Green Vitamin C 60 Capsules	0	0	0	0
9347880000371	Health Boss Beauty Boss Unflavoured Collagen 320g	350	0	0	0
9325024049394	Dateline Professional Black Celcon Tail Comb 510 Stainless Steel Pin	0	0	0	0
9314694059574	Globite TSA 3 Dial Combination Lock Pink	200	0	0	0
9356155000084	JSHealth Protein + Probiotics Chocolate Brownie 450g	450	0	0	0
9314807084004	Norsca Aerosol Deodorant Salt Bush & Coconut 130g	130	0	0	0
9314807084011	Norsca Rosewater & Australian Thyme Antiperspirant Deodorant 130g	130	0	0	0
9314807084028	Norsca Antiperspirant Deo Aloe Vera Lemon Myrtle 130g	130	0	0	0
9314807084042	Norsca Roll On Deodorant Coconut & Salt Bush 50ml	50	0	0	0
9314807084882	Nature's Way B12 Energy Quick Chews 60 Tablets	100	0	0	0
8888300062858	Systema Gum Care Large Head Toothbrush Soft	20	0	0	0
9414706020506	Lanocreme Lanolin Originals Lanoil with Vitamin E 50ml	100	0	0	0
9414706020537	Lanocreme Lanolin Originals Face Cream with Placental Protein 100g	100	0	0	0
9414706020544	Lanocreme Lanolin Originals Face Cream with Active Manuka Honey 100g	100	0	0	0
9414706020551	Lanocreme Lanolin Originals Face Cream with Collagen 100g	100	0	0	0
9414706020568	Lanocreme Lanolin Originals Lip Balm with Vitamin E	10	0	0	0
9414706020575	Lanocreme Lanolin Originals Hand & Nail Cream with Vitamin E	100	0	0	0
9414706020605	Lanocreme Lanolin Originals Sheet Mask with Vitamin E 5pk	20	0	0	0
9414706021473	Lanocreme Lanolin Originals Manuka Honey Body Balm 195g	195	0	0	0
8902411111455	Gastro-soothe 20 Tablets Hyoscine Butylbromide 10mg	100	0	0	0
9310460110401	Lady Jane Scalp Restorative Brush	200	0	0	0
3701129807835	Bioderma Sensibio Cleansing Micellar Oil 150ml	0	0	0	0
/813389017251	Don Joy Comfort Diabetic Support Unisex Socks 15-20 White Small	0	0	0	0
5060229011565	Pukka - Tea Bags Elegant English Breakfast	50	0	0	0
9342126001037	The Jojoba Company Hydrating Peptide Cream 50ml	100	0	0	0
//9420005414243	The Aromatherapy Co. Festive Votive Candle Orange Truffle 100g	100	0	0	0
5000223441258	OPSITE Post-Operative Dressing 9.5cmx8.5cm 20 pack by Smith & Nephew	150	0	0	0
5713795201761	BIBS Pacifier 2 Pack 0+ months Round Size 1 Dusky Lilac	200	0	0	0
5713795238613	BIBS Pacifier Clip Ivory and Vanilla Single	250	0	0	0
3574661700892	Le Petit Marseillais Extra Gentle Shower Cream Almond Milk Organic 250ml	300	0	0	0
9344108032398	Archline Rebound Orthotic Slides Stone Grey Size Euro 41	250	0	0	0
9344108032404	Archline Rebound Orthotic Slides Stone Grey Size Euro 42	250	0	0	0
9344108029893	Archline Rebound Orthotic Thongs Black Size Euro 38	250	0	0	0
9316542150297	Natio Aromatherapy Daily Protection Face Moisturiser SPF 15+ 50ml	150	0	0	0
